Note,abstract_deadline,data,date,deadline,end,full_name,hindex,id,link,note,paperslink,place,pwclink,start,sub,timezone,title,year
,2024-10-03 23:59:59,,"May 03-05, 2025",2024-10-10 23:59:59,2025-05-05,,100,aistats25,https://aistats.org/aistats2025/index.html,"Abstract deadline on October 3, 2024. More info <a href='https://aistats.org/aistats2025/call-for-papers.html'>here</a>",,"Phuket, Thailand",,2025-05-03,ML,UTC-12,AISTATS,2025
,2024-11-08 06:59:59,,"June 10-17, 2025",2024-11-15 06:59:59,2025-06-17,,389,cvpr25,https://cvpr.thecvf.com/Conferences/2025,"Mandatory paper registration deadline on November 07, 2023. More info <a href='https://cvpr.thecvf.com/Conferences/2025'>here</a>.",,"Nashville, Tennessee, USA",,2025-06-10,CV,GMT,CVPR,2025
,,,"April 29 - May 4, 2024",2024-10-15 23:59:59,2025-05-04,,132,naacl25,https://2025.naacl.org,All submissions must be done through ARR. More info <a href='https://2025.naacl.org/calls/papers/'>here</a>.,,"Albuquerque, New Mexico, USA",,2025-04-29,NLP,UTC-12,NAACL,2025
,2024-09-27 23:59:59,,"Apr 24-28, 2025",2024-10-01 23:59:59,2025-04-28,,304,iclr25,https://iclr.cc/Conferences/2025/CallForPapers,"Mandatory abstract deadline on September 27, 2024. More info <a href='https://iclr.cc/Conferences/2025/CallForPapers'>here</a>.",,Singapore,,2025-04-24,ML | AP | RO | CV | NLP | SP,UTC-12,ICLR,2025
,2024-09-04 23:59,,"November 26 - November 29, 2024",2024-09-11 23:59,2024-11-29,Learning on Graphs Conference,,log24,https://logconference.org,"Abstract deadline on Sep 04, 2024. More info <a href='https://logconference.org'>here</a>.",,"Virtual, free to attend",,2024-11-26,ML | DM | KR,UTC-12,LoG,2024
,2024-10-02 23:59:59,,"April 6 - April 10, 2025",2024-10-09 23:59:59,2025-04-10,European Conference on Information Retrieval,,ecir25,https://ecir2025.eu/,"Abstract deadline on Oct 2, 2024. More info <a href='https://ecir2025.eu/'>here</a>.",,"Lucca, Tuscany, Italy",,2025-04-06,DM,UTC-12,ECIR,2025
,,,"Feb 28 – Mar 4, 2025",2024-09-09 23:59:59,2025-3-4,IEEE/CVF Winter Conference on Applications of Computer Vision,109,wacv25_2,https://wacv2025.thecvf.com/,"This is the second round of submissions. Summplementary material deadline on Sep 11, 2024. More info <a href='https://wacv2025.thecvf.com/'>here</a>.",,"Tucson, Arizona",,2025-2-28,ML | CV,UTC-7,WACV,2025
,2024-10-09 23:59:59,,"May 19 - May 23, 2025",2024-10-16 23:59:59,2025-05-23,,,aamas25,https://aamas2025.org/,"Mandatory abstract deadline on Oct 09, 2024. More info <a href='https://aamas2025.org/'>here</a>.",,"Detroit, Michigan, USA",,2025-05-19,KR | ML | RO | AP,UTC-12,AAMAS,2025
,2024-09-05 23:59:59,,"April 26 - May 01, 2025",2024-09-12 23:59:59,2025-05-01,The ACM Conference on Human Factors in Computing Systems,122,chi25,https://chi2025.acm.org/,"Mandatory abstract deadline on Sep 05, 2024. More info <a href='https://chi2025.acm.org/for-authors/papers/'>here</a>.",,"Yokohama, Japan",,2025-04-26,HCI,UTC-12,CHI,2025
,,,"January 19-24, 2025",2024-09-16 23:59:59,2025-01-24,The 31st International Conference on Computational Linguistics,73,coling25,https://coling2025.org/,"More info can be found <a href=""https://coling2025.org/calls/main_conference_papers/#important-dates"">here</a>.",,"Abu Dhabi, UAE",,2025-01-19,NLP,UTC-12,COLING,2025
,,,"March 10-14, 2025",2024-08-14 23:59:00,2025-03-14,ACM International Conference on Web Search and Data Mining,,wsdm25,https://www.wsdm-conference.org/2025/,"Abstract deadline on August 7, 2024",,"Hannover, Germany",,2025-03-10,DM,UTC-12,WSDM,2025
,,,"November 13-15, 2024",2024-06-09 23:59:59,2024-11-15,18th Ibero-American Conference on Artificial Intelligence,14,iberamia24,https://www.iberamia.org/iberamia/iberamia2024/,,,"Montevideo, Uruguay",,2024-11-13,ML | NLP | CV,UTC-12,Iberamia,2024
,2024-05-29 19:59:59,,"December 9 - December 15, 2024",2024-06-05 19:59:59,2024-12-15,Conference on Neural Information Processing Systems - Dataset and Benchmarks Track,309,neurips24DBT,https://nips.cc/Conferences/2024/CallForDatasetsBenchmarks,"Mandatory abstract deadline on May 29, 2024, and supplementary material deadline on June 12, 2024. More info <a href='https://nips.cc/Conferences/2024/CallForDatasetsBenchmarks'>here</a>.",,"Vancouver, Canada",,2024-12-09,DM | ML | NLP | SP | CV,UTC,NeurIPS [Dataset and Benchmarks Track],2024
,,,"May 19 - May 23, 2025",2024-09-15 23:59:59,2025-05-23,,119,icra25,https://2025.ieee-icra.org,,,"Atlanta, USA",,2025-05-19,RO,America/Los_Angeles,ICRA,2025
,,,"Feb 28 – Mar 4, 2025",2024-07-14 23:59:59,2025-3-4,IEEE/CVF Winter Conference on Applications of Computer Vision,,wacv25,https://wacv2025.thecvf.com/,,,"Tucson, Arizona",,2025-2-28,ML | CV,America/Los_Angeles,WACV,2025
,2024-08-07 23:59:59,,"February 25 - March 04, 2025",2024-08-15 23:59:59,2025-03-04,AAAI Conference on Artificial Intelligence,212,aaai25,https://aaai.org/conference/aaai/aaai-25/,"Mandatory abstract deadline on Aug 07, 2024, and supplementary material deadline on Aug 19, 2024. More info <a href='https://aaai.org/conference/aaai/aaai-25/'>here</a>.",,"Philadelphia, USA",,2025-02-25,DM | KR | ML | RO | NLP | SP | CV | CG | HCI | AP,UTC-12,AAAI,2025
,2024-04-26 23:59:59,,"November 25 - November 28, 2024",2024-05-10 23:59:59,2024-11-28,The British Machine Vision Conference,,bmvc24,https://bmvc2024.org/,"Mandatory abstract deadline on April 26, 2024",,"Glasgow, UK",,2024-11-25,ML,GMT,BMVC,2024
,,,"April 6-11, 2025",2024-09-09 23:59:59,2025-04-11,,,icassp25,https://2025.ieeeicassp.org/,,,"Hyderabad, India",,2025-04-6,SP,UTC-12,ICASSP,2025
More info <a href='https://kil-workshop.github.io/'>here</a>,,,"August 25, 2024",2024-05-25 23:59:59,2024-08-25,KDD Workshop on Knowledge-infused Learning,,kil24,https://kil-workshop.github.io/,,,"Barcelona, Spain",,2024-08-20,NLP | ML | DM,UTC-12,KIL,2024
,2024-04-05 23:59:59,,"November 10-14, 2024",2024-04-12 23:59:59,2024-11-14,,43,ismir24,https://ismir2024.ismir.net/,"Mandatory abstract deadline on April 5th, 2024. More info <a href='https://ismir2024.ismir.net/authors/call-for-papers/'>here</a>.",,"San Francisco, California, USA",,2024-11-10,SP,UTC-12,ISMIR,2024
,,,"September 17-19, 2024",2024-05-19 23:59:59,2024-09-19,1st ESA Conference on AI in and for Space,,spaice24,https://spaice.esa.int/,Best papers will be selected for special issues on AI and space in IAA Acta Astronautica and Springer Astrodynamics. More info <a href='https://spaice.esa.int/call-for-papers/'>here</a>.,,"ECSAT, Harwell, United Kingdom",,2024-09-17,ML,UTC+2,SPAICE,2024
,,,"November 12-16, 2024",2024-06-15 23:59:00,2024-11-16,,,emnlp24,https://2024.emnlp.org/,More info <a href='https://2024.emnlp.org/calls/main_conference_papers/'>here</a>.,,"Miami, Florida, USA",,2024-11-12,NLP,UTC-12,EMNLP,2024
,2024-05-13 23:59:59,"October 21 - October 25, 2024",,2024-05-20 23:59:59,2024-10-25,,,CIKM24,https://cikm2024.org/,"Mandatory abstract deadline on May 13, 2024. More info <a href='https://cikm2024.org/call-for-papers/'>here</a>.",,"Boise, Idaho, USA",,2024-10-21,DM | KR,UTC-12,CIKM,2024
,,,"December, 3-6, 2024",2024-05-19 23:59,,SIGGRAPH ASIA 2024,,siggraphasia24,https://asia.siggraph.org/2024/,,,"Tokyo, Japan",,,CG,UTC-12,SIGGRAPH Asia,2024
,2024-05-15 19:59:59,,"December 9 - December 15, 2024",2024-05-22 19:59:59,2024-12-15,Conference on Neural Information Processing Systems,309,neurips24,https://nips.cc/Conferences/2024,"Mandatory abstract deadline on May 15, 2024",https://proceedings.neurips.cc/,"Vancouver, Canada",https://paperswithcode.com/conference/neurips-2024-12,2024-12-09,ML,UTC,NeurIPS,2024
,,,"September 9-13, 2024",2024-07-22 23:59:59,2024-09-13,,45,ecmlpkdd2024,https://2024.ecmlpkdd.org/,,https://ecmlpkdd.org/2024/program-at-a-glance/,Vilnius (Lithuania),,2024-09-09,ML,UTC-12,ECML PKDD,2024
,,,"July 21, 2024",2024-03-29 23:59:00,2024-07-21,Advances in Approximate Bayesian Inference,,aabi24,http://approximateinference.org/,"Co-located with ICML 2024. Submission deadlines are March 29 (proceedings and workshop track) and May 10 (fast track). More info <a href=""http://approximateinference.org/call/index.html"">here</a>",,"Vienna, Austria",,2024-07-21,ML,UTC-12,AABI,2024
,,,"November 06-09, 2024",2024-06-06 23:59:00,2024-11-09,,,corl24,https://corl.org,,,"Munich, Germany",,2024-11-06,RO,UTC-12,CoRL,2024
,2024-04-12 23:59:59,,"October 28 - November 1, 2024",2024-04-08 23:59:59,2024-11-01,,,mm24,https://2024.acmmm.org/,"Mandatory abstract deadline on April 8, 2024. More info <a href='https://2024.acmmm.org/regular-papers'>here</a>.",,"Melbourne, Australia",,2024-10-28,CV,UTC-12,MM,2024
,,,"August 11-16, 2024",2024-02-15 23:59:00,2024-08-16,,192,acl24,https://2024.aclweb.org/,"All submissions should be done through ARR. More info <a href=""https://www.aclweb.org/portal/sites/default/files/Submission%20Dates%20and%20Process%20for%20EACL_NAACL%20and%20ACL%202024-2.pdf"">here</a>.",,"Bangkok, Thailand",,2024-08-11,NLP,UTC-12,ACL,2024
,,,"October 14-18, 2024",2024-03-01 23:59:59,2024-10-18,,80,iros24,https://iros2024-abudhabi.org/,,,"Abu Dhabi, UAE",,2024-10-14,RO,America/Los_Angeles,IROS,2024
,2024-04-24 23:59:59,,"Nov 02-08, 2024",2024-05-01 23:59:59,2024-11-08,,-1,kr24,https://kr.org/KR2024/,"Mandatory abstract deadline on April 24, 2024. More info <a href='https://kr.org/KR2024/'>here</a>.",,"Hanoi, Vietnam",,2024-11-02,KR,UTC-12,KR,2024
,,,"March, 25-27, 2024",2024-01-26 23:59:59,2024-03-27,AAAI 2024 Spring Symposium on Clinical Foundation Models,,aaaisss24cfm,https://clinicalfoundationmodels.github.io/,More info <a href='https://clinicalfoundationmodels.github.io/'>here</a>.,,"Stanford, USA",,2024-03-25,ML,UTC-12,AAAI 2024 Spring Symposium on Clinical Foundation Models,2024
,,,"March 25-27, 2024",2023-12-22 23:59:59,2024-03-27,,-1,aia24,https://aair-lab.github.io/aia2024/,,,"Stanford, USA",,2024-03-25,ML,UTC-12,AAAI 2024 Spring Symposium on User-Aligned Assessment of Adaptive AI Systems,2024
,2024-01-23 22:00:00,,"July 28 - August 1, 2024",2024-01-24 22:00:00,2024-08-01,,,siggraph24,https://s2024.siggraph.org/,"Mandatory abstract deadline on Jan 23, 2024. More info <a href='https://s2024.siggraph.org/program/technical-papers/'>here</a>.",,"Denver, USA",,2024-07-28,CG,GMT,SIGGRAPH,2024
,,,"July 15-19, 2024",2024-02-09 23:59:59,2024-07-19,,,uai24,https://www.auai.org/uai2024/,,,"Barcelona, Spain",,2024-07-15,ML,UTC-12,UAI,2024
,2024-02-09 23:59:59,,"July 29 - August 01, 2024",2024-02-15 23:59:59,2024-08-01,,,collas24,https://lifelong-ml.cc,,,"Pisa, Italy",,2024-07-29,ML,UTC-12,CoLLAs,2024
,2024-04-19 23:59:59,,"October 19-24, 2024",2024-04-25 23:59:59,2024-10-24,,,ecai24,https://www.ecai2024.eu/,"Mandatory abstract deadline on April 19, 2024. More info <a href='https://www.ecai2024.eu/calls/main-track'>here</a>.",,"Santiago de Compostela, Spain",,2024-10-19,ML,UTC-12,ECAI,2024
,2024-03-01 23:59:59,,"August 09-12, 2024",2024-03-08 23:59:59,2024-08-12,,,rlc24,https://rl-conference.cc/,,,"Amherst, Massachusetts, USA",,2024-08-09,ML,UTC-12,RLC,2024
,2024-02-01 23:59:59,,"August 25-29, 2024",2024-02-08 23:59:59,2024-08-29,,,kdd24,https://kdd2024.kdd.org/,,,"Barcelona, Spain",,2024-08-25,DM,UTC-12,KDD,2024
,,,"July 15-19, 2024",2024-02-02 23:59:59,2024-07-19,,61,rss24,https://roboticsconference.org/2024,"Optional supplementary material deadline on February 08, 2024. More info <a href='https://roboticsconference.org/2024'>here</a>.",,"Delft, Netherlands",,2024-07-15,RO,UTC-12,RSS,2024
,,,"July 21-27, 2024",2024-02-01 23:59:59,2024-07-27,,254,icml24,https://icml.cc/Conferences/2024,,,"Vienna, Austria",,2024-07-21,ML,UTC-12,ICML,2024
,,,"October 6 - October 10, 2024",2024-03-07 23:59:59,2024-10-10,,78,miccai2024,https://conferences.miccai.org/2024/en/,More info <a href='https://conferences.miccai.org/2024/'>here</a>.,,"Marrakech, Morocco",,2024-10-06,CV,America/Los_Angeles,MICCAI,2024
,2024-01-18 23:59:00,,"July 14-18, 2024",2024-01-25 23:59:00,2024-07-18,,66,sigir24,https://sigir-2024.github.io,"Mandatory abstract deadline on January 18, 2024. More info <a href='https://sigir-2024.github.io/call_for_papers.html'>here</a>.",,"Washington D.C., USA",,2024-07-14,DM,UTC-12,SIGIR,2024
,2024-03-22 23:59:59,,"October 7-9, 2024",2024-03-29 23:59:59,2024-10-09,1st Conference on Language Modeling,,colm24,https://colmweb.org/,"Mandatory abstract deadline on March 22, 2024. More info <a href='https://colmweb.org/cfp.html'>here</a>.",,"Philadelphia, USA",,2024-10-07,NLP | ML,UTC-12,COLM,2024
,2024-01-10 23:59:59,,"August 03-09, 2024",2024-01-17 23:59:59,2024-08-09,International Joint Conference on Artificial Intelligence,133,ijcai24,https://ijcai24.org/,"Mandatory abstract deadline on January 10, 2024 and optional supplementary material deadline on January 24, 2024. More info <a href='https://ijcai24.org/'>here</a>.",,"Jeju, South Korea",,2024-08-03,ML,UTC-12,IJCAI,2024
,,,"June, 27-28, 2024",2024-02-16 23:59:59,2024-06-28,"Conference on Health, Inference, and Learning",,CHIL24,https://www.chilconference.org/index.html,Please check the website for the latest updates.,,"New York, New York",,2024-06-27,ML,UTC-12,CHIL,2024
,2023-10-04 23:59:59,,April 2024,2023-10-11 23:59:59,2024-04-01,IEEE Conference on Secure and Trustworthy Machine Learning,,satml24,https://satml.org/,Check the website for exact conference dates.,,"Toronto, Canada",,2024-04-01,ML,UTC-12,SaTML,2024
,2024-02-29 12:59:00,,"September 29 - October 04, 2024",2024-03-07 12:59:00,2024-10-04,,238,eccv24,https://eccv2024.ecva.net/,More info <a href='https://eccv2024.ecva.net/'>here</a>.,,"Milano, Italy",,2024-09-29,CV,UTC-8,ECCV,2024
,,,"April 1 - April 03, 2024",2023-10-27 23:59:59,2024-04-03,,,clear24,https://www.cclear.cc/2024,,,"Los Angeles, USA",,2024-04-01,ML,UTC-12,CLeaR,2024
,,,"Jun 18-21, 2024",2024-01-05 23:59:59,2024-06-21,International Conference on Pattern Recognition and Artificial Intelligence,,icprai24,http://icprai2024.org/,Soliciting both regular papers and work-in-progress papers. More info <a href='http://icprai2024.org/'>here</a>.,,"Jeju Island, South Korea",,2024-06-18,ML,Asia/Seoul,ICPRAI,2024
,2023-12-07 23:59:59,,"Jun 01-06, 2024",2023-12-13 23:59:59,2024-06-06,,32,icaps24,https://icaps24.icaps-conference.org/,"Mandatory abstract deadline on December 07, 2023. More info <a href='https://icaps24.icaps-conference.org/'>here</a>.",,"Banff, Canada",,2024-06-01,AP,UTC-12,ICAPS,2024
,,,"June 16-21, 2024",2023-12-15 23:59:59,2024-06-21,,133,naacl24,https://2024.naacl.org,All submissions must be done through ARR. More info <a href='https://2024.naacl.org/calls/papers/'>here</a>.,,"Mexico City, Mexico",,2024-06-16,NLP,UTC-12,NAACL,2024
,,,"November 9-13, 2024",2024-01-16 23:59:59,2024-11-13,,31,cscw24_january,https://cscw.acm.org/2024/,This is the January cycle.,,"San José, Costa Rica",,2024-11-09,HCI,UTC-12,CSCW,2024
,,,"March 18-21, 2024",2023-10-09 23:59:59,2024-03-21,,47,iui24,https://iui.acm.org/2024/,"Mandatory abstract deadline on Oct 2, 2023. More info <a href='https://iui.acm.org/2024/call_for_papers.html'>here</a>.",,"Greenville, South Carolina, USA",,2024-03-18,HCI,UTC-12,IUI,2024
,,,"May 02-04, 2024",2023-10-16 23:59:59,2024-05-04,,91,aistats24,https://www.aistats.org/aistats2024/,"Mandatory abstract deadline on Oct 6, 2023. More info <a href='https://aistats.org/aistats2024/dates.html'>here</a>.",,"Valencia, Spain",,2024-05-02,ML,UTC-12,AISTATS,2024
,,,"April 14-19, 2024",2023-09-06 23:59:59,2024-04-19,,123,icassp24,https://2024.ieeeicassp.org/,,,"Seoul, Korea",,2024-04-14,SP,UTC-12,ICASSP,2024
,,,"March 11-14, 2024",2023-09-29 23:59:59,2024-03-14,,55,hri24,https://humanrobotinteraction.org/2024/,,,"Boulder, Colorado, USA",,2024-03-11,RO,UTC-12,HRI,2024
,,,"January 3-7, 2024",2023-08-30 11:59:59,2024-01-07,IEEE/CVF Winter Conference on Applications of Computer Vision,76,wacv24,https://wacv2024.thecvf.com,This is the Round 2 submission. Paper Registration is on August 23rd 2023. More info <a href='https://wacv2024.thecvf.com/submissions/'>here</a>.,,"Waikoloa, Hawaii, USA",,2024-01-03,CV,America/Los_Angeles,WACV,2024
,,,"March 17-22, 2024",2023-10-15 23:59:59,2024-03-22,The 18th Conference of the European Chapter of the Association for Computational Linguistics,38,eacl24,https://2024.eacl.org/,"Submission via ACL Rolling Review, commitment date 2023-12-20",,"St. Julians, Malta",,2024-03-17,NLP,UTC-12,EACL,2024
,,,"March 18-21, 2024",2023-08-07 23:59:59,2024-03-21,,,threedv24,https://3dvconf.github.io/2024/,,,"Davos, Switzerland",,2024-03-18,CV,America/Los_Angeles,3DV,2024
,2023-09-23 23:59:59,,"May 07-11, 2024",2023-09-28 23:59:59,2024-05-11,,286,iclr24,https://iclr.cc/Conferences/2024,"Mandatory abstract deadline on September 23, 2023. More info <a href='https://iclr.cc/Conferences/2024/CallForPapers'>here</a>.",,"Vienna, Austria",,2024-05-07,ML,UTC-12,ICLR,2024
,2023-11-03 23:59:59,,"June 17-21, 2024",2023-11-17 23:59:59,2024-06-21,,389,cvpr24,https://cvpr.thecvf.com/Conferences/2024,"Mandatory paper registration deadline on November 03, 2023 and optional supplementary material deadline on November 26, 2023. More info <a href='https://cvpr.thecvf.com/Conferences/2024'>here</a>.",,"Seattle, Washington, USA",,2024-06-17,CV,America/Los_Angeles,CVPR,2024
,,,"May 13 - May 17, 2024",2023-09-15 23:59:59,2024-05-17,,116,icra24,http://2024.ieee-icra.org/,,,"Yokohama, Japan",,2024-05-13,RO,America/Los_Angeles,ICRA,2024
,,,"December 6-7, 2023",2023-06-30 23:59:59,2023-12-07,,44,conll23,https://conll.org/,Co-located with EMNLP 2023,,Singapore,,2023-12-06,NLP,UTC-12,CoNLL,2023
,2023-10-02 23:59:59,,"May 06 - May 10, 2024",2023-10-09 23:59:59,2024-05-10,,,aamas24,https://www.aamas2024-conference.auckland.ac.nz/,"Mandatory abstract deadline on Oct 02, 2023. More info <a href='https://www.aamas2024-conference.auckland.ac.nz/calls/call-for-papers/'>here</a>.",,"Auckland, New Zealand",,2024-05-06,ML,UTC-12,AAMAS,2024
,2023-08-08 23:59:59,,"February 20 - February 28, 2024",2023-08-15 23:59:59,2024-02-28,AAAI Conference on Artificial Intelligence,180,aaai24,https://aaai.org/aaai-conference/,"Mandatory abstract deadline on Aug 08, 2023, and supplementary material deadline on Aug 18, 2023. More info <a href='https://aaai.org/aaai-conference/'>here</a>.",,"Vancouver, Canada",,2024-02-20,ML,UTC-12,AAAI,2024
,2023-09-20 23:59:59,,"March 24-28, 2024",2023-09-27 23:59:59,2024-03-28,European Conference on Information Retrieval,31,ecir24,https://www.ecir2024.org/,"Abstract deadline on Sep 20, 2023. More info <a href='https://www.ecir2024.org/'>here</a>.",,"Glasgow, Scotland",,2024-03-24,DM,UTC-12,ECIR,2024
,2023-09-07 23:59:59,,"May 11 - May 16, 2024",2023-09-14 23:59:59,2024-05-16,AAAI Conference on Artificial Intelligence,180,chi24,https://chi2024.acm.org/,"Mandatory abstract deadline on Sep 07, 2023, and paper deadline on Sep 14, 2023. More info <a href='https://chi2024.acm.org/'>here</a>.",,"Hawaii, EEUU",,2024-05-11,HCI,UTC-12,CHI,2024
,,,"May 20 - May 25, 2024",2023-10-20 23:59:59,2024-05-25,"The 2024 Joint International Conference on Computational Linguistics, Language Resources and Evaluation",-1,lreccoling24,https://lrec-coling-2024.org,"Workshop / Tutorial proposals are also due on October 13th, more info <a href=""https://lrec-coling-2024.lrec-conf.org/1stCfP-LRECCOLING2024.html"">here</a>.",,"Torino, Italy",,2024-05-20,NLP,UTC-12,LREC-COLING,2024
,,,"November 1-4, 2023",2023-05-23 23:59:00,2023-11-04,,37,aacl23,http://www.ijcnlp-aacl2023.org/,"ARR commitment deadline is <b>August 15</b>, 2023. More info <a href='http://www.ijcnlp-aacl2023.org/'>here</a>.",,"Bali, Indonesia",,2023-11-01,NLP,UTC-12,IJCNLP-AACL,2023
,2023-04-14 23:59:59,,"September 18 - September 22, 2023",2023-04-21 23:59:59,,,,recsys23,https://recsys.acm.org/recsys23/,"Mandatory abstract deadline on April 14, 2023.",,Singapore,,,DM,UTC-12,RecSys,2023
,,,"November 11-14, 2023",2023-06-23 23:59:00,2023-11-14,,,acml23,https://www.acml-conf.org/2023,,,"Istanbul, Türkiye",,2023-11-11,ML,UTC-12,ACML,2023
,2023-06-26 23:59:00,,"November 26-29, 2023",2023-07-03 23:59:00,2023-11-29,1st International ACM SIGIR Conference on Information Retrieval in the Asia Pacific,,sigirap23,http://www.sigir-ap.org/sigir-ap-2023/,"Mandatory abstract deadline on June 26, 2023. More info <a href='http://www.sigir-ap.org/sigir-ap-2023/call-for-papers/'>here</a>.",,"Beijing, China",,2023-11-26,DM,UTC-12,SIGIR-AP,2023
,2023-06-16 23:59:00,,"December 6-10, 2023",2023-06-23 23:59:00,2023-12-10,,,emnlp23,https://2023.emnlp.org/,"Mandatory abstract deadline on June 16, 2023. Hybrid format with ARR and OpenReview. More info <a href='https://2023.emnlp.org/calls/papers/Overview'>here</a>.",,Singapore,,2023-12-06,NLP,UTC-12,EMNLP,2023
,,,"July, 13-14, 2023",2023-03-24 23:59,,*SEM 2023,,starsem23,https://sites.google.com/view/starsem2023,Co-located with ACL 2023,,"Toronto, Canada",,,NLP,UTC-12,*SEM,2023
,,,"December, 12-15, 2023",2023-05-16 23:59,,SIGGRAPH ASIA 2023,,siggraphasia23,https://asia.siggraph.org/2023/,,,"Sydney, Australia",,,CG,UTC-12,SIGGRAPH Asia,2023
,,,"November 06-09, 2023",2023-06-08 23:59:00,2023-11-09,,,corl23,https://corl2023.org,,,"Atlanta, Georgia, USA",,2023-11-06,RO,UTC-12,CoRL,2023
,2023-05-02 23:59:59,,"September 30 - October 05, 2023",2023-05-08 23:59:59,2023-10-05,,,ecai23,https://ecai2023.eu/,"Mandatory abstract deadline on May 02, 2023. More info <a href='https://ecai2023.eu/ECAI2023'>here</a>.",,"Kraków, Poland",,2023-09-30,ML,UTC-12,ECAI,2023
,2023-04-23 23:59:59,,"October 29 - November 03, 2023",2023-04-30 23:59:59,2023-11-03,,,mm23,https://www.acmmm2023.org/,"Mandatory abstract deadline on April 23, 2023. More info <a href='https://www.acmmm2023.org/cfp/'>here</a>.",,"Ottawa, Canada",,2023-10-29,CV,UTC-12,MM,2023
,,,"August 28-31, 2023",2023-03-31 23:59:59,2023-08-31,,,ro-man23,http://ro-man2023.org/main,,,"Busan, South Korea",,2023-08-28,RO,UTC-12,RO-MAN,2023
,2023-05-11 20:00:00,,"December 10 - December 16, 2023",2023-05-17 20:00:00,2023-12-16,,278,neurips23,https://neurips.cc/Conferences/2023/,"Mandatory abstract deadline on May 11, 2023",,"New Orleans, Louisiana, USA",,2023-12-10,ML,UTC,NeurIPS,2023
,2023-03-16 23:59:59,,"September 12-15, 2023",2023-03-23 23:59:59,2023-09-15,,0,automl-conf23,https://2023.automl.cc,"Mandatory abstract deadline on March 16, 2023",,"Potsdam/Berlin, Germany",,2023-09-12,ML,UTC-12,AutoML-Conf,2023
,2023-03-09 23:59:59,,"August 22-25, 2023",2023-03-13 23:59:59,2023-08-25,,,collas23,https://lifelong-ml.cc,,,"Montreal, Canada",,2023-08-22,ML,UTC-12,CoLLAs,2023
,,,"July 31 - August 04, 2023",2023-02-17 23:59:59,2023-08-04,,,uai23,https://www.auai.org/uai2023/,,,"Pittsburgh, USA",,2023-07-31,ML,UTC-12,UAI,2023
,,,"July 10-14, 2023",2023-02-03 23:59:59,2023-07-14,,58,rss23,https://roboticsconference.org/2023,,,"Daegu, South Korea",,2023-07-10,RO,UTC-12,RSS,2023
,,,"August 19-25, 2023",2023-01-18 23:59:59,2023-08-25,,120,ijcai23,https://ijcai-23.org/,"Mandatory abstract deadline on Jan 11, 2023, and supplementary material deadline on Jan 23, 2023. More info <a href='https://ijcai-23.org/'>here</a>.",,"Macao, S.A.R.",,2023-08-19,ML,UTC-12,IJCAI,2023
,,,"July 23-29, 2023",2023-01-26 11:59:00,2023-07-29,,204,icml23,https://icml.cc/Conferences/2023,,,"Hawai'i, USA",,2023-07-23,ML,America/Los_Angeles,ICML,2023
,2023-01-24 23:59:00,,"July 23-27, 2023",2023-01-31 23:59:00,2023-07-27,,66,sigir23,https://sigir.org/sigir2023/,"Mandatory abstract deadline on January 24, 2023. More info <a href='https://sigir.org/sigir2023/call-for-full-papers/'>here</a>.",,"Taipei, Taiwan",,2023-07-23,DM,UTC-12,SIGIR,2023
,,,"October 01-05, 2023",2023-03-01 23:59:59,2023-10-05,,80,iros23,https://ieee-iros.org/,,,"Detroit, USA",,2023-10-01,RO,America/Los_Angeles,IROS,2023
,2023-03-03 23:59:59,,"Sep 02-08, 2023",2023-03-14 23:59:59,2023-09-08,,-1,kr23,https://kr.org/KR2023/,"Mandatory abstract deadline on March 03, 2023. More info <a href='https://kr.org/KR2023/'>here</a>.",,"Rhodes, Greece",,2023-09-02,KR,UTC-12,KR,2023
,2022-11-25 23:59:59,,"Jul 08-13, 2023",2022-11-30 23:59:59,2023-07-13,,27,icaps23,https://icaps23.icaps-conference.org/,"Mandatory abstract deadline on November 25, 2022. More info <a href='https://icaps23.icaps-conference.org/'>here</a>.",,"Prague, Czech Republic",,2023-07-08,AP,UTC-12,ICAPS,2023
,2023-01-13 23:59:00,,"July 9-14, 2023",2023-01-20 23:59:00,2023-07-14,,169,acl23,https://2023.aclweb.org/,"Hybrid format with ARR and START. Above deadlines are for START while abstract deadline is 13 January 2023. Submission to ARR should before 15 December 2022. More info <a href=""https://2023.aclweb.org/calls/main_conference/"">here</a>.",,"Toronto, Canada",,2023-07-09,NLP,UTC-12,ACL,2023
,2022-10-13 23:59:00,,"May 02-06, 2023",2022-10-20 23:59:00,2023-05-06,,62,eacl23,https://2023.eacl.org/,"Hybrid format with ARR and START. Above deadlines are for START. More info <a href=""https://2023.eacl.org/calls/papers/"">here</a>.",,"Hybrid (Dubrovnik, Croatia)",,2023-05-02,NLP,UTC-12,EACL,2023
,,,"May 25-28, 2023",2022-12-07 23:59:59,2023-05-28,,29,pakdd23,https://pakdd2023.org,,,"Osaka, Japan",,2023-05-25,DM,UTC-8,PAKDD,2023
,,,"April 25-27, 2023",2022-10-13 23:59:59,2023-04-27,,85,aistats23,https://www.aistats.org/aistats2023/,"Mandatory abstract deadline on Oct 6, 2022. More info <a href='https://aistats.org/aistats2023/call-for-papers.html'>here</a>.",,"Valencia, Spain",,2023-04-25,ML,UTC-12,AISTATS,2023
,2022-09-21 23:59:59,,"May 01-05, 2023",2022-09-28 23:59:59,2023-05-05,,286,iclr23,https://iclr.cc/Conferences/2023,"Mandatory abstract deadline on September 21, 2022. More info <a href='https://iclr.cc/Conferences/2023/CallForPapers'>here</a>.",,"Kigali, Rwanda",,2023-05-01,ML,UTC-12,ICLR,2023
,,,"December 12-14, 2022",2022-06-23 23:59:00,2022-12-14,,20,acml22,https://www.acml-conf.org/2022,,,"Hyderabad, India",,2022-12-12,ML,UTC-12,ACML,2022
,2022-08-08 23:59:59,,"February 7 - February 14, 2023",2022-08-15 23:59:59,2023-02-14,AAAI Conference on Artificial Intelligence,95,aaai23,https://aaai.org/Conferences/AAAI-23/,,,"Washington, DC, USA",,2023-02-07,ML,UTC-12,AAAI,2023
,,,"November 30 - December 3, 2022",2022-06-10 23:59:00,2022-12-03,IEEE International Conference on Data Mining (ICDM),124.0,icdm22,https://icdm22.cse.usf.edu/,"Paper submissions limited to ten (10) pages, in the IEEE 2-column format | <a href=""https://icdm22.cse.usf.edu/key-dates.html""> Key Dates</a> | <a href=""https://icdm22.cse.usf.edu/calls/Papers.html"">Call for Papers </a>",,"Orlando, Florida, USA",,2022-11-30,DM,America/New_York,ICDM,2022
,2022-06-17 23:59:00,,"December 7-11, 2022",2022-06-24 23:59:00,2022-12-11,,132,emnlp22,https://2022.emnlp.org/,Hybrid format with ARR and START. More info <a href='https://2022.emnlp.org/calls/papers/Overview'>here</a>.,,"Abu Dhabi, UAE",,2022-12-07,NLP,UTC-12,EMNLP,2022
,,,"Feb 27- March 03, 2023",2022-08-12 23:59:00,2023-03-03,,54,wsdm23,https://www.wsdm-conference.org/2023/,,,Singapore,,2023-02-27,DM,UTC-12,WSDM,2023
,2022-03-31 23:59:59,,"October 10-14, 2022",2022-04-11 23:59:59,2022-10-14,,58,mm22,https://2022.acmmm.org/,"Mandatory abstract deadline on March 31, 2022. More info <a href='https://2022.acmmm.org/call-for-papers/'>here</a>.",,"Lisbon, Portugal",,2022-10-10,CV,UTC-12,MM,2022
,,,"November 7-11, 2022",2022-05-13 23:59:00,2022-11-11,,34,icmi2022,https://icmi.acm.org/2022/,,,"Bangalore, India",,2022-11-07,CV,UTC-7,ICMI,2022
,2022-05-12 23:59:59,,"October 17-22, 2022",2022-05-19 23:59:59,2022-10-22,,48,cikm22,https://www.cikm2022.org/,"Mandatory abstract deadline on May 12, 2022",,"Atlanta, Georgia, USA",,2022-10-17,DM,UTC-12,CIKM,2022
,,,"October 12-17, 2022",2022-05-17 23:59:59,2022-10-17,,64,coling22,https://coling2022.org/,,,"Gyeongju, Republic of Korea",,2022-10-12,NLP,UTC-12,COLING,2022
,2022-05-16 13:00:00,,"November 28 - December 9, 2022",2022-05-19 13:00:00,2022-12-09,,245,neurips22,https://neurips.cc/Conferences/2022/,"Mandatory abstract deadline on May 16, 2022",,"New Orleans, Louisiana, USA; and virtual",,2022-11-28,ML,America/Los_Angeles,NeurIPS,2022
,2022-5-13 23:59:59,,"December 4-8, 2022",2022-05-20 23:59:59,2022-12-08,,32,ismir22,https://ismir2022.ismir.net/,"Mandatory abstract deadline on May 13, 2022. More info <a href='https://ismir2022.ismir.net/calls/cfp/'>here</a>.",,"Bangaluru, India",,2022-12-04,SP,UTC-12,ISMIR,2022
,,,"November 21-24, 2022",2022-07-15 23:59:00,2022-11-24,,-1,aacl22,https://www.aacl2022.org/,,,"Taipei, Taiwan",,2022-11-21,NLP,UTC-12,AACL-IJCNLP,2022
,,,"December 14-18, 2022",2022-06-15 23:59:00,2022-12-18,,,corl22,https://corl2022.org,,,"Auckland, New Zealand, and virtual",,2022-12-14,RO,UTC-12,CoRL,2022
,,,"February 8-10, 2020",2019-09-20 16:59:59,2020-02-10,,15,alt20,http://alt2020.algorithmiclearningtheory.org/,,http://algorithmiclearningtheory.org/alt2020/accepted-papers/,"San Diego, CA, United States",,2020-02-08,ML,America/New_York,ALT,2020
,,,"March 23-26, 2020",2019-10-01 23:59:59,2020-03-26,,40,hri20,https://humanrobotinteraction.org/2020/,,https://dl.acm.org/doi/proceedings/10.1145/3319502,"Cambridge, UK",,2020-03-23,RO,America/Los_Angeles,HRI,2020
,,,"June 8-11, 2020",2020-01-11 23:59:59,2020-06-11,,33,icmr20,http://icmr2020.org/,,http://icmr2020.org/ICMR2020-detailed-schedule-FINAL.pdf,"Dublin, Ireland",,2020-06-08,CV,Europe/London,ICMR,2020
,,,"June 8-12, 2020",2020-01-31 16:00:00,2020-06-12,,48,colt20,http://www.learningtheory.org/colt2020/,,http://proceedings.mlr.press/v125/,"Graz, Austria",,2020-06-08,ML,America/Los_Angeles,COLT,2020
,,,"June 29 - July 3, 2020",2020-03-08 23:59:59,2020-07-03,,22,iccc20,http://computationalcreativity.net/iccc20/,,http://computationalcreativity.net/iccc20/papers/ICCC20_Proceedings.pdf,"Coimbra, Portugal",,2020-06-29,ML,UTC-12,ICCC,2020
,2020-04-10 23:59:59,,"October 12-15, 2020",2020-04-17 23:59:59,2020-10-15,,32,ismir20,https://ismir.github.io/ISMIR2020/,"Mandatory abstract deadline on Apr 10, 2020. More info <a href='https://ismir.github.io/ISMIR2020/cfp/'>here</a>.",https://program.ismir2020.net/papers.html?filter=keywords,"Montreal, Canada",,2020-10-12,SP,UTC-12,ISMIR,2020
,,,"December 4-7, 2020",2020-06-26 23:59:00,2020-12-07,,-1,aacl20,http://aacl2020.org,,https://aclanthology.org/events/aacl-2020/,"Suzhou, China",https://paperswithcode.com/conference/asian-chapter-of-the-association-for,2020-12-04,NLP,UTC-12,AACL-IJCNLP,2020
,,,"November 30 - December 4, 2020",2020-07-08 23:59:00,2020-12-04,,38,accv20,http://accv2020.kyoto/,,https://accv2020.github.io/programs/papers/index.html,Online,,2020-11-30,CV,UTC,ACCV,2020
,,,"January 10-15, 2021",2020-07-15 23:59:00,2021-01-15,,38,icpr20,https://www.micc.unifi.it/icpr2020/,,https://www.micc.unifi.it/icpr2020/index.php/papers-and-authors/,"Milan, Italy",,2021-01-10,ML,UTC+1,ICPR,2020
,,,"November 19-20, 2020",2020-07-17 23:59:59,2020-11-20,,34,conll2020,http://www.conll.org/2020,,https://aclanthology.org/events/conll-2020/,Online,,2020-11-19,NLP,UTC-12,CoNLL,2020
,,,"November 25-28, 2020",2020-07-31 23:59:59,2020-11-28,,29,threedv20,http://3dv2020.dgcv.nii.ac.jp/index.html,,http://3dv2020.dgcv.nii.ac.jp/conferenceprogram.html,"Fukuoka, Japan",,2020-11-25,CV,America/Los_Angeles,3DV,2020
,,,"November 19-20, 2020",2020-08-15 23:59:00,2020-11-20,,27,wmt20,http://www.statmt.org/wmt20/,,http://www.statmt.org/wmt20/papers.html,Online,,2020-11-19,NLP,UTC-12,WMT,2020
,,,"April 21-23, 2021",2020-10-07 23:59:00,2021-04-23,,36,eacl21,https://2021.eacl.org/,,https://aclanthology.org/events/eacl-2021/#2021-eacl-main,"Online (Kyiv, Ukraine)",https://paperswithcode.com/conference/eacl-2021-2,2021-04-21,NLP,UTC-12,EACL,2021
,2022-10-21 23:59:59,,"May 29 - June 2, 2023",2022-10-28 23:59:59,2023-06-02,,25,aamas23,https://aamas2023.soton.ac.uk/,"Mandatory abstract deadline on Oct 21, 2022. More info <a href='https://aamas2023.soton.ac.uk/calls/call-for-papers/'>here</a>.",,"London, UK",,2023-05-29,ML,UTC-12,AAMAS,2023
,,,"April 29 - May 1, 2021",2020-10-12 23:59:00,2021-05-01,,33,sdm21,https://www.siam.org/conferences/cm/conference/sdm21,,https://epubs.siam.org/doi/book/10.1137/1.9781611976700,Online,,2021-04-29,DM,UTC-5,SDM,2021
,,,"April 13-15, 2021",2020-10-15 08:00:00,2021-04-15,,52,aistats21,https://www.aistats.org/aistats2021/,"Mandatory abstract deadline on Oct 8, 2020. More info <a href='http://www.aistats.org/aistats2021/cfp.html'>here</a>.",http://proceedings.mlr.press/v130/,"San Diego, California, USA",,2021-04-13,ML,America/Los_Angeles,AISTATS,2021
,,,"July 5-9, 2021",2020-11-29 23:59:59,2021-07-09,,30,icme21,https://2021.ieeeicme.org/,,https://2021.ieeeicme.org/conf_oral,"Shenzhen, China",,2021-07-05,CV,America/Los_Angeles,ICME,2021
,,,"September, 19-22, 2023",2023-02-15 23:59:59,2023-10-11,,60,icip23,https://2023.ieeeicip.org/,,,"Kuala Lumpur, Malaysia",,2023-10-08,CV,America/Los_Angeles,ICIP,2023
,2021-02-10 23:59:59,,"July 7-9, 2021",2021-02-17 23:59:59,2021-07-09,,-1,midl2021,https://2021.midl.io/,"Abstract deadline on Feb 10, 2021. More info <a href='https://2021.midl.io/dates.html'>here</a>.",https://2021.midl.io/program.html,"Luebeck, Germany",,2021-07-07,CV,UTC-12,MIDL,2021
,,,"July 26-30, 2021",2021-02-19 23:59:59,2021-07-30,,33,uai21,http://auai.org/uai2021/,,https://www.auai.org/uai2021/accepted_papers,TBD,,2021-07-26,ML,UTC,UAI,2021
,,,"September 27 - October 1, 2021",2021-03-01 23:59:59,2021-10-01,,58,iros21,https://www.iros2021.org/important-dates,,,"Prague, Czech Republic",,2021-09-27,RO,America/Los_Angeles,IROS,2021
,,,"July 12-16, 2021",2021-03-01 23:59:59,2021-07-16,,47,rss21,https://roboticsconference.org/2021,,https://roboticsconference.org/program/papers/,Online,,2021-07-12,RO,UTC-12,RSS,2021
,,,"October 8 - October 12, 2023",2023-03-09 23:59:59,2023-10-12,,78,miccai2023,https://conferences.miccai.org/2023/en/,More info <a href='https://conferences.miccai.org/2023/'>here</a>.,,"Vancouver, Canada",,2023-10-08,CV,America/Los_Angeles,MICCAI,2023
,,,"October 2 - October 6, 2023",2023-03-08 23:59:00,2023-10-06,,239,iccv2023,http://iccv2023.thecvf.com/,"Supplementary deadline on Mar 15, 2023. More info <a href='http://iccv2023.thecvf.com/home'>here</a>.",,"Paris, France",,2023-10-02,CV,UTC,ICCV,2023
,2021-03-26 23:59:59,,"September 13-17, 2021",2021-04-02 23:59:59,2021-09-17,,30,ecmlpkdd2021,https://2021.ecmlpkdd.org/,"Mandatory abstract deadline on Mar 26, 2021. More info <a href='https://2021.ecmlpkdd.org/?page_id=1599/'>here</a>.",https://2021.ecmlpkdd.org/?page_id=1811,"Bilbao, Basque Country (Spain)",,2021-09-13,ML,UTC-12,ECML-PKDD,2021
,,,"August 20 - August 24, 2023",2023-03-01 23:59:59,2023-09-03,,100,interspeech23,http://www.interspeech2023.org/,,,"Dublin, Ireland",,2023-08-30,SP,UTC-12,InterSpeech,2023
,,,"December 15-18, 2021",2021-04-15 23:59:00,2021-12-18,,-1,fg2021,http://iab-rubric.org/fg2021/,"the 2nd round submission deadline is July 15, 2021.",,"Jodhpur, India",,2021-12-15,CV,America/Los_Angeles,FG,2021
,2022-04-26 23:59:59,,"September 18 - September 23, 2022",2022-05-03 23:59:59,,,45,recsys22,https://recsys.acm.org/recsys22/,"<b>NOTE</b>: Mandatory abstract deadline on April 26, 2022. More info <a href='https://recsys.acm.org/recsys22/call/'>here</a>.",,"Seattle, Washington, USA",,,DM,UTC-12,RecSys,2022
,2021-05-10 23:59:00,,"November 7-11, 2021",2021-05-17 23:59:00,2021-11-11,,112,emnlp21,https://2021.emnlp.org/,,,"Punta Cana, Dominican Republic",,2021-11-07,NLP,UTC-12,EMNLP,2021
,2021-05-19 23:59:59,,"November 1-5, 2021",2021-05-26 23:59:59,2021-11-05,,48,cikm21,https://cikm2021.org/,,,"Gold Coast, Queensland, Australia",,2021-11-01,DM,UTC-12,CIKM,2021
,2021-05-21 13:00:00,,"December 5-14, 2021",2021-05-28 13:00:00,2021-12-14,,198,neurips21,https://neurips.cc/Conferences/2021/,"Mandatory abstract deadline on May 21, 2021",https://proceedings.neurips.cc/paper/2021,Online,https://paperswithcode.com/conference/neurips-2021-12,2021-12-05,ML,America/Los_Angeles,NeurIPS,2021
,,,"January 3-7, 2023",2022-07-13 11:59:59,2023-01-07,,54,wacv23,http://wacv2023.thecvf.com/,Second round submission deadline on Aug. 29th 2022,,"Waikoloa, Hawaii, USA",,2023-01-03,CV,America/Los_Angeles,WACV,2023
,,,"December 7-10, 2021",2021-06-11 23:59:59,2021-12-10,,-1,icdm21,https://icdm2021.auckland.ac.nz,,,"Auckland, New Zealand",,2021-12-07,DM,America/Los_Angeles,ICDM,2021
,,,"November 8-11, 2021",2021-06-18 23:59:00,2021-11-11,,,corl21,http://www.robot-learning.org,,,"London, UK, and virtual",,2021-11-08,RO,UTC-7,CoRL,2021
,,,"October 4-7, 2021",2021-06-21 23:59:59,2021-10-07,,,akbc21,https://www.akbc.ws/2021/,,https://openreview.net/group?id=AKBC.ws/2021/Conference#all-submissions,"Irvine, United States",,2021-10-04,NLP,UTC-12,AKBC,2021
,,,"November 20-24, 2023",2023-05-12 23:59:59,2023-11-24,,75,bmvc23,https://www.bmvc2023.org,"Workshop Submission Deadline on May 5th, 2023",,"Aberdeen, UK",,2023-11-20,CV,UTC,BMVC,2023
,,,"November 17-19, 2021",2021-06-25 23:59:00,2021-11-19,,17,acml21,http://www.acml-conf.org/2021,,,Online,,2021-11-17,ML,UTC-7,ACML,2021
,,,"February 21-25, 2022",2021-08-09 23:59:59,2022-02-25,,54,wsdm22,https://www.wsdm-conference.org/2022/,,,"Phoenix, Arizona, USA",,2022-02-21,DM,UTC-12,WSDM,2022
,2021-08-30 23:59:59,,"February 22 - March 1, 2022",2021-09-08 23:59:59,2022-03-01,,95,aaai22,https://aaai.org/Conferences/AAAI-22/,"Mandatory abstract deadline on August 30, 2021",,"Vancouver, Canada",,2022-02-22,ML,UTC-12,AAAI,2022
,,,"May 29- June 2, 2023",2022-09-15 23:59:59,2023-06-02,,94,icra23,https://www.icra2023.org/,,,"ExCeL London, UK",,2023-05-29,RO,America/Los_Angeles,ICRA,2023
,2021-09-28 17:00:00,,"April 25-29, 2022",2021-10-05 17:00:00,2022-04-29,,203,iclr22,https://iclr.cc/Conferences/2022,"Mandatory abstract deadline on September 28, 2021. More info <a href='https://iclr.cc/Conferences/2022/CallForPapers'>here</a>.",,Online,,2022-04-25,ML,UTC-7,ICLR,2022
,,,"June 4-9, 2023",2022-10-26 23:59:59,2023-06-09,,110,icassp23,https://2023.ieeeicassp.org/,,,"Rhodes Island, Greece",,2023-06-04,SP,UTC-12,ICASSP,2023
,,,"March 30 - April 1, 2022",2021-10-15 11:59:00,2022-04-01,,57,aistats22,https://www.aistats.org/aistats2022/,"Mandatory abstract deadline on Oct 8, 2021. More info <a href='http://www.aistats.org/aistats2022/cfp.html'>here</a>.",,"Valencia, Spain",,2022-03-30,ML,UTC,AISTATS,2022
,2022-10-06 23:59:59,,"April 30 - May 4, 2022",2022-10-13 23:59:59,2022-05-04,,70,www23,https://www2023.thewebconf.org/,"Mandatory abstract deadline on October 6, 2022",,"Texas, USA",,2022-04-30,DM,UTC-12,WWW,2023
,,,"May 22-27, 2022",2021-11-15 23:59:59,2022-05-27,,157,acl22,https://2022.aclweb.org/,,,"Dublin, Ireland",,2022-05-22,NLP,UTC-12,ACL,2022
,,,"June 17-23, 2023",2022-11-11 23:59:59,2022-06-23,,389,cvpr23,http://cvpr2023.thecvf.com/,,,"Vancouver, Canada",,2022-06-17,CV,America/Los_Angeles,CVPR,2023
,,,"June 23-24, 2022",2021-12-07 17:00:00,2022-06-24,,,l4dc22,https://l4dc.stanford.edu/,,,"Stanford University, CA, USA",,2022-06-23,ML,UTC-5,L4DC,2022
,2021-12-10 23:59:59,,"June 19-24, 2022",2021-12-15 23:59:59,2022-06-24,,27,icaps22,http://icaps22.icaps-conference.org/,"Mandatory abstract deadline on Dec 10, 2021. More info <a href='http://icaps22.icaps-conference.org/'>here</a>.",,"Singapore Management University, Singapore",,2022-06-19,ML,UTC-12,ICAPS,2022
,,,"June 20-25, 2022",2022-01-10 23:59:59,2022-06-25,,38,lrec22,http://elra.info/en/lrec/lrec-2022/,,,"Marseille, France",,2022-06-20,NLP,Europe/Paris,LREC,2022
,2022-01-07 23:59:59,,"July 23-29, 2022",2022-01-14 23:59:59,2022-07-29,International Joint Conference on Artificial Intelligence and European Conference on Artificial Intelligence,105,ijcai22,https://ijcai-22.org/,,,"Vienna, Austria",,2022-07-23,ML,UTC+1,IJCAI-ECAI,2022
,2021-12-15 23:59:00,,"June 21-24, 2022",2022-01-14 23:59:00,2022-06-24,,44,facct22,https://facctconference.org/2022/,"Mandatory abstract deadline on Dec 14, 2021. More info <a href='https://facctconference.org/2022/cfp.html'>here</a>.",,"Seoul, South Korea",,2022-06-21,ML,UTC-12,FAccT,2022
,,,"June 22-24, 2023",2023-02-03 23:59:59,2023-06-24,,-1,chil23,https://www.chilconference.org/,,https://proceedings.mlr.press/v174/,"Cambridge, Massachusetts, USA",,2023-06-22,ML,UTC-12,CHIL,2023
,,,"July 10-15, 2022",2022-01-15 23:59:00,2022-07-15,,105,naacl22,https://2022.naacl.org/,,,"Seattle, Washington, USA",,2022-07-10,NLP,UTC-12,NAACL,2022
,,,"June 6-9, 2022",2022-01-15 23:59:59,2022-06-09,,,icwsm22,https://www.icwsm.org/2022/index.html/,,,"Atlanta, Georgia AND Online",,2022-06-06,DM,UTC-12,ICWSM,2022
,2022-01-20 23:59:00,,"July 17-23, 2022",2022-01-27 23:59:00,2022-07-23,,204,icml22,https://icml.cc/Conferences/2022,"Mandatory abstract deadline on Jan 20, 2022. More info <a href='https://icml.cc/Conferences/2022/'>here</a>.",,"Baltimore, Maryland USA",,2022-07-17,ML,UTC-12,ICML,2022
,2022-01-21 23:59:00,,"July 11-15, 2022",2022-01-28 23:59:00,2022-07-15,,66,sigir22,https://sigir.org/sigir2022/,"Mandatory abstract deadline on January 21, 2022. More info <a href='https://sigir.org/sigir2022/call-for-papers/'>here</a>.",,"Madrid, Spain",,2022-07-11,DM,UTC-12,SIGIR,2022
,,,"June 27 - July 1, 2022",2022-01-28 23:59:59,2022-07-01,,50,rss22,https://roboticsconference.org/2022,,,"New York City, USA",,2022-06-27,RO,UTC-12,RSS,2022
,,,"August 6-10, 2023",2023-02-02 23:59:59,2023-08-10,,114,kdd23,https://kdd.org/kdd2023/,,,"Long Beach, California, USA",,2023-08-06,DM,UTC-12,KDD,2023
,,,"October, 16-19, 2022",2022-02-25 23:59:59,2022-10-19,,,icip22,https://2022.ieeeicip.org,,,"Bordeaux, France",,2022-10-16,CV,UTC,ICIP,2022
,,,"August 1-5, 2022",2022-02-25 23:59:59,2022-08-05,,,uai22,https://www.auai.org/uai2022/,,,"Eindhoven, The Netherlands",,2022-08-01,ML,UTC,UAI,2022
,,,"October 23-27, 2022",2022-03-01 23:59:59,2022-10-27,,73,iros22,https://iros2022.org/,,,"Kyoto, Japan",,2022-10-23,RO,America/Los_Angeles,IROS,2022
,2022-02-24 23:59:00,,"July 25-27, 2022",2022-03-03 23:59:00,2022-07-27,,0,automl-conf22,https://automl.cc/,Conference replacing the AutoML workshops @ ICML as they were extremely successful. First edition.,,"Baltimore, US",,2022-07-25,ML,UTC-12,AutoML-Conf,2022
,2022-03-01 23:59:59,,"August 29-31, 2022",2022-03-04 23:59:59,2022-08-31,,,collas22,https://lifelong-ml.cc,,,Online,,2022-08-29,ML,UTC-12,CoLLAs,2022
,,,"October 24-28, 2022",2022-03-07 21:59:00,2022-10-28,,197,eccv22,https://eccv2022.ecva.net/,,,"Tel Aviv, Israel",,2022-10-24,CV,CET,ECCV,2022
,,,"August 29 - September 2, 2022",2022-03-15 23:59:59,2022-09-02,,29,ro-man22,http://www.ro-man2022.org/,"Workshop and Tutorial deadline on February 7, 2022",,"Naples, Italy",,2022-08-29,RO,UTC+1,RO-MAN,2022
,,,"September, 18-22, 2022",2022-03-21 23:59:59,2022-09-22,,100,interspeech22,http://www.interspeech2022.org/,,,"Incheon, South Korea",,2022-09-18,SP,Asia/Seoul,InterSpeech,2022
,2022-03-30 23:59:59,,"September, 19-23, 2022",2022-04-06 23:59:59,2022-09-23,European Conference on Machine Learning and Principles and Practice of Knowledge Discovery in Databases,,ecmlpkdd22,https://2022.ecmlpkdd.org/,Check the conference website for workshop and demo deadlines,,"Grenoble, France",,2022-09-19,SP,UTC-12,ECML/PKDD,2022
,,,"October, 03-05, 2022",2022-06-16 23:59:59,,,9,ismis22,https://ismis2022.icar.cnr.it/,<b>NOTE</b>: Industry Session Deadline: 16 June 2022,,"Cosenza, Italy",,,DM,UTC-12,ISMIS,2022
,2022-05-19 23:59,,"December, 6-9, 2022",2022-05-20 23:59,,SIGGRAPH ASIA 2022,,siggraphasia22,https://sa2022.siggraph.org/,,,"Daegu, South Korea",,,CG,UTC-12,SIGGRAPH Asia,2022
,2022-11-01 23:59,,"April, 12-14, 2023",2022-11-01 23:59,2023-04-14,"12th International Conference on Artificial Intelligence in Music, Sound, Art and Design",12,evomusart23,https://www.evostar.org/2023/evomusart/,part of evostar 2023,https://evomusart-index.dei.uc.pt/,"Brno, Czech Republic",,2023-04-12,CG,UTC-12,evoMUSART,2023
,2022-09-09 23:59,,"December, 09-12, 2022",2022-09-16 23:59,2022-12-12,Learning on Graphs Conference,,log22,https://logconference.org/,This is the inaugural event of a conference dedicated to Graph Machine Learning,,Online,,2022-12-09,ML,UTC-12,LOG,2022
,2022-10-15 00:00,,"December, 12-16, 2022",2022-10-15 00:00,2022-12-16,"AI for science, NASSMA workshop",,AI4science22,ai4science.nassma.ai,"The workshop is a collaboration between NASSMA organisation, Deepmind and UM6P. NASSMA is an NGO working toward the promotion of STEM and AI education and research in MENA region.",,"Rabat, Morocco",,2022-12-12,ML,GMT,AI4science NASSMA 2022,2022
,2022-01-25 22:00:00,,"August 6-10, 2022",2023-01-24 22:00:00,2023-08-10,,,siggraph23,https://s2023.siggraph.org/,"Mandatory abstract deadline on Jan 24, 2022. More info <a href='https://s2023.siggraph.org/program/technical-papers/'>here</a>.",,"Los Angeles, USA",,2023-08-06,CG,GMT,SIGGRAPH,2023
,2023-07-01 23:59:00,,"December 1-4, 2023",2023-07-01 23:59:00,2023-12-04,,,icdm23,https://www.cloud-conf.net/icdm2023/,,,"Shanghai, China",,2023-12-01,DM,Asia/Shanghai,ICDM,2023
,2023-03-26 23:59:59,,"September, 18-22, 2023",2023-04-02 23:59:59,2023-09-22,European Conference on Machine Learning and Principles and Practice of Knowledge Discovery in Databases,,ecmlpkdd23,https://2023.ecmlpkdd.org/,Check the conference website for workshop and demo deadlines,,"Torino, Italy",,2023-09-18,SP,UTC-12,ECML/PKDD,2023
,2023-05-02 23:59:59,,"November, 06-10, 2023",2023-05-09 23:59:59,2023-11-10,International Semantic Web Conference,,iswc23,https://iswc2023.semanticweb.org/,Check the conference website for workshop and demo deadlines,,"Athens, Greece",,2023-11-06,KR,UTC-12,ISWC,2023
,2023-05-26 23:59:59,,"October, 23-25, 2023",2023-06-02 23:59:59,2023-10-25,International Conference on Information and Knowledge Managements,,cikm23,https://cikm2023.github.io/,Check the conference website for workshop and demo deadlines,,"Birmingham, UK",,2023-10-23,KR,UTC-12,CIKM,2023
,,,"September, 7-8, 2023",2023-06-07 23:59:59,2023-09-08,AI World Barcelona - Generative AI Conference,,aiworldbarcelona23,https://ai-world-barcelona.com,"Explore cutting-edge AI topics like ChatGPT, AutoGPT, DALL-E, Midjourney and more at AI World Barcelona — the world's largest generative AI conference.",,"Barcelona, Spain",,2023-09-07,NLP,Europe/Madrid,AI World Barcelona,2023
,,,"November, 25-28, 2024",2024-07-01 23:59:59,2024-11-28,International Conference on Speech and Computer,,specom24,https://specom2024.ftn.uns.ac.rs,Check the conference website for workshop and demo deadlines.,,"Belgrade, Serbia",,2024-11-25,SP,Europe/Belgrade,SPECOM,2024
,,,"August, 07-09, 2024",2024-04-15 23:59:59,2024-08-09,International Conference on Multimedia Information Processing and Retrieval,,mipr24,https://sites.google.com/view/mipr2024,Check the conference website for paper review available and notification of acceptance date.,,"San Jose, USA",,2024-08-07,ML,UTC-7,MIPR,2024
,,,"July, 15-16, 2024",2024-03-29 23:59:59,2024-07-16,ACM International Conference on AIware,,aiware24,https://2024.aiwareconf.org/#,"Check the conference website for details the Challenge Track, Industry Statements and Demo Track, and Late Breaking Arxiv Track.",,"Porto de Galinhas, Brazil",,2024-07-15,ML,UTC-3,AIware,2024
,2024-02-26 23:59:59,,"September, 09-12, 2024",2024-02-29 23:59:59,2024-09-12,International Conference on Automated Machine Learning,,automl24,https://2024.automl.cc/,"Check the conference website for tutorials, contributions to the journal track and workshop deadlines",,"Paris, France",,2024-09-09,ML,UTC-12,AutoML,2024
