abstract_deadline,date,deadline,full_name,link,name,note,location,timezone,rank
None,May 18-21 2026,2025-06-05 23:59,IEEE Symposium on Security and Privacy,https://sp2026.ieee-security.org/,S&P (Oakland) 2026,Abstract registration required (1 week before deadline AoE).,"San Francisco, California, USA",Unknown,TOP4
None,May 18-21 2026,2025-11-13 23:59,IEEE Symposium on Security and Privacy,https://sp2026.ieee-security.org/,S&P (Oakland) 2026,Abstract registration required (1 week before deadline AoE).,"San Francisco, California, USA",Unknown,TOP4
None,November 15-19 2026,2026-01-14 23:59,ACM Conference on Computer and Communications Security,https://www.sigsac.org/ccs/CCS2026,CCS 2026,Abstract registration required (1 week before deadline AoE).,"The Hague, The Netherlands",Unknown,TOP4
None,November 15-19 2026,2026-04-29 23:59,ACM Conference on Computer and Communications Security,https://www.sigsac.org/ccs/CCS2026,CCS 2026,Abstract registration required (1 week before deadline AoE).,"The Hague, The Netherlands",Unknown,TOP4
None,August 11-13 2027,2026-08-25 23:59,USENIX Security Symposium,https://www.usenix.org/conference/usenixsecurity27,USENIX Security 2027,Abstract registration required (1 week before deadline AoE).,"Denver, CO, USA",Unknown,TOP4
None,August 11-13 2027,2027-01-26 23:59,USENIX Security Symposium,https://www.usenix.org/conference/usenixsecurity27,USENIX Security 2027,Abstract registration required (1 week before deadline AoE).,"Denver, CO, USA",Unknown,TOP4
None,TBD 2027,2026-05-06 23:59,ISOC Network and Distributed System Security Symposium,https://www.ndss-symposium.org/ndss2027/submissions/call-for-papers/,NDSS 2027,None,TBD,Unknown,TOP4
None,TBD 2027,2026-08-19 23:59,ISOC Network and Distributed System Security Symposium,https://www.ndss-symposium.org/ndss2027/submissions/call-for-papers/,NDSS 2027,None,TBD,Unknown,TOP4
None,September 14-18 2026,2026-01-09 23:59,European Symposium on Research in Computer Security,https://sites.google.com/di.uniroma1.it/esorics2026/,ESORICS 2026,None,"Rome, Italy",Unknown,A
None,September 14-18 2026,2026-04-21 23:59,European Symposium on Research in Computer Security,https://sites.google.com/di.uniroma1.it/esorics2026/,ESORICS 2026,None,"Rome, Italy",Unknown,A
None,July 12-16 2027,2026-08-21 23:59,ACM Asia Conference on Computer and Communications Security,https://asiaccs2027.cityu.edu.mo/home/index.html,AsiaCCS 2027,None,Macau,Unknown,A
None,July 12-16 2027,2026-12-11 23:59,ACM Asia Conference on Computer and Communications Security,https://asiaccs2027.cityu.edu.mo/home/index.html,AsiaCCS 2027,None,Macau,Unknown,A
None,July 6 - 10 2026,2025-11-20 23:59,IEEE European Symposium on Security and Privacy,https://eurosp2026.ieee-security.org/,Euro S&P 2026,Abstract registration required (1 week before deadline AoE).,"Lisbon, Portugal",Unknown,A
None,July 26-29 2026,2025-07-24 23:59,IEEE Computer Security Foundations Symposium,https://www.ieee-security.org/TC/CSF2026/,CSF 2026,None,"Lisbon, Portugal",Unknown,A
None,July 26-29 2026,2025-10-09 23:59,IEEE Computer Security Foundations Symposium,https://www.ieee-security.org/TC/CSF2026/,CSF 2026,None,"Lisbon, Portugal",Unknown,A
None,July 26-29 2026,2026-01-29 23:59,IEEE Computer Security Foundations Symposium,https://www.ieee-security.org/TC/CSF2026/,CSF 2026,None,"Lisbon, Portugal",Unknown,A
None,November 23-25 2026,2026-06-10 23:59,International Conference on Cryptology and Network Security,https://uow-ic2.github.io/cans2026/index.html,CANS 2026,None,"Wollongong, Australia",Unknown,B
None,June 30 - July 3 2026,2025-11-18 23:59,ACM Conference on Security and Privacy in Wireless and Mobile Networks,https://wisec26.events.cispa.de/,WiSec 2026,None,"Saarbrücken, Germany",Unknown,B
None,June 30 - July 3 2026,2026-03-03 23:59,ACM Conference on Security and Privacy in Wireless and Mobile Networks,https://wisec26.events.cispa.de/,WiSec 2026,None,"Saarbrücken, Germany",Unknown,B
None,June 9 - 11 2026,2025-12-19 23:59,IFIP International Information Security and Privacy Conference,https://ifipsec.org/cfp.html,IFIP SEC 2026,None,"Perth, Australia",Unknown,B
None,October 20-22 2025,2025-06-11 23:59,Information Security Conference,https://isc25.skku.edu/,ISC 2025,None,"Seoul, South Korea",Unknown,Not Ranked
None,November 14-17 2025,2025-08-01 23:59,"International Conference on Trust, Security and Privacy in Computing and Communications",https://ieee-aiplus-2025.org/trustcom.html,TrustCom 2025,None,"Guiyang, China",Unknown,B
None,November 25-27 2025,2025-09-15 23:59,International Symposium on Foundations & Practice of Security,https://hub.imt-atlantique.fr/fps2025/,FPS 2025,None,"Brest, France",Unknown,B
None,July 21-24 2026,2026-01-15 23:59,International Conference on Security and Privacy in Communication Networks,https://securecomm.eai-conferences.org/2026/,SecureComm 2026,None,"Lancaster, United Kingdom",Unknown,Not Ranked
None,October 9-11 2026,2026-03-31 23:59,"International Symposium on Stabilization, Safety, and Security of Distributed Systems",https://sss2026.conf.lip6.fr/,SSS 2026,None,"Gothenburg, Sweden",Unknown,Not Ranked
None,October 9-11 2026,2026-05-15 23:59,"International Symposium on Stabilization, Safety, and Security of Distributed Systems",https://sss2026.conf.lip6.fr/,SSS 2026,None,"Gothenburg, Sweden",Unknown,Not Ranked
None,October 9-11 2026,2026-07-15 23:59,"International Symposium on Stabilization, Safety, and Security of Distributed Systems",https://sss2026.conf.lip6.fr/,SSS 2026,None,"Gothenburg, Sweden",Unknown,Not Ranked
None,TBD 2027,1970-05-31 23:59,Privacy Enhancing Technologies Symposium,https://www.petsymposium.org/cfp26.php,PETS 2027,Rolling deadline every quarter,TBD,Unknown,A
None,TBD 2027,1970-08-31 23:59,Privacy Enhancing Technologies Symposium,https://www.petsymposium.org/cfp26.php,PETS 2027,Rolling deadline every quarter,TBD,Unknown,A
None,TBD 2027,1970-11-30 23:59,Privacy Enhancing Technologies Symposium,https://www.petsymposium.org/cfp26.php,PETS 2027,Rolling deadline every quarter,TBD,Unknown,A
None,TBD 2027,%y-02-28 23:59,Privacy Enhancing Technologies Symposium,https://www.petsymposium.org/cfp26.php,PETS 2027,Rolling deadline every quarter,TBD,Unknown,A
None,August 23-26 2026,2026-02-19 23:59,Symposium on Usable Privacy and Security,https://soups.page/,SOUPS 2026,Abstract registration required (1 week before deadline AoE).,"Hannover, Germany",Unknown,A
None,September 10-September 11 2025,2025-05-09 23:59,European Symposium on Usable Security,https://eurousec2025.cis.strath.ac.uk/,EuroUSEC 2025,Paper registration due May 5th AoE,"Manchester, UK",Unknown,Not Ranked
None,June 24-25 2026,2026-02-13 23:59,The Annual Symposium on Applications of Contextual Integrity,https://privaci.info/symposium/2026/cfp.html,PrivaCI 2026,None,"Urbana-Champaign, USA",Unknown,Not Ranked
None,August 26-28 2026,2026-04-28 23:59,"Annual International Conference on Privacy, Security, and Trust",https://pstnet.ca/pst2026,PST 2026,Co-located with SAC 2026.,"Ottawa, Canada",Unknown,Not Ranked
None,September 9-10 2026,2026-04-15 23:59,Annual Privacy Forum,https://privacyforum.eu/callforpapers.html,APF 2026,None,"Salzburg, Austria",Unknown,Not Ranked
None,August 17-20 2026,2026-02-12 23:59,International Cryptology Conference,https://crypto.iacr.org/2026/,Crypto 2026,None,"Santa Barbara, CA, USA",Etc/GMT+8,A*
None,May 10-14 2026,2025-10-02 23:59,European Cryptology Conference,https://eurocrypt.iacr.org/2026/,Eurocrypt 2026,None,"Rome, Italy",Unknown,A*
None,November 7-9 2026,2025-04-15 23:59,International Conference on Information Security and Cryptology,https://inscrypt2026.comp.polyu.edu.hk/,Inscrypt 2026,None,"Hong Kong SAR, China",Unknown,Not Ranked
None,November 7-9 2026,2025-06-15 23:59,International Conference on Information Security and Cryptology,https://inscrypt2026.comp.polyu.edu.hk/,Inscrypt 2026,None,"Hong Kong SAR, China",Unknown,Not Ranked
None,August 26-28 2026,2026-02-02 23:59,Selected Areas in Cryptography,https://sacworkshop.org/SAC26/,SAC 2026,None,"Ottawa, ON, Canada",Unknown,B
None,August 26-28 2026,2026-05-11 23:59,Selected Areas in Cryptography,https://sacworkshop.org/SAC26/,SAC 2026,None,"Ottawa, ON, Canada",Unknown,B
None,December 8-12 2025,2025-05-16 12:00,International Conference on the Theory and Application of Cryptology and Information Security,https://asiacrypt.iacr.org/2025/,Asiacrypt 2025,None,"Melbourne, Australia",Etc/GMT,A
None,March 2–6 2026,2025-09-20 23:59,Financial Cryptography and Data Security,https://fc26.ifca.ai,FC 2026,None,St. Kitts,Unknown,A
None,October 6–9 2026,2026-05-27 23:59,ACM Conference on Advances in Financial Technologies,https://aft.ifca.ai/aft26/CFP.html,AFT 2026,Abstract registration required (1 week before deadline AoE).,"London, UK",Unknown,B
None,November 10-13 2026,2026-05-19 23:59,Theory of Cryptography Conference,https://tcc.iacr.org/2026/,TCC 2026,None,"New York City, USA",Unknown,B
None,May 25-28 2026,2025-10-24 09:59,International Conference on Practice and Theory of Public Key Cryptography,https://pkc.iacr.org/2026/,PKC 2026,None,"West Palm Beach, FL, USA",Unknown,B
None,March 23-26 2026,2025-10-24 23:59,RSA Conference Cryptographers’ Track,https://conference.wsu.edu/ct-rsa-2026/,CT-RSA 2026,None,"San Francisco, CA, USA",Unknown,B
None,July 16-18 2026,2026-03-03 23:59,International Conference on Security and Cryptography,https://secrypt.scitevents.org,SECRYPT 2026,None,"Porto, Portugal",Unknown,Not Ranked
None,July 16-18 2026,2026-04-16 23:59,International Conference on Security and Cryptography,https://secrypt.scitevents.org,SECRYPT 2026,None,"Porto, Portugal",Unknown,Not Ranked
None,July 08-10 2026,2026-03-01 23:59,International Conference on Cryptography Africa,https://www.africacrypt2026.tn/,AfricaCrypt 2026,None,"Hammamet, Tunisia",Unknown,Not Ranked
None,October 1-3 2025,2025-05-16 23:59,International Conference on Cryptology and Information Security in Latin America,https://ciencias.medellin.unal.edu.co/eventos/latincrypt/,LATINCRYPT 2025,Extended submission deadline May 16th 23:59 AoE,"Medellin, Colombia",Unknown,Not Ranked
None,TBD 2027,1970-03-01 23:59,IACR Transactions on Symmetric Cryptology,https://tosc.iacr.org/,FSE 2027,Rolling deadline every quarter,TBD,Unknown,B
None,TBD 2027,1970-06-01 23:59,IACR Transactions on Symmetric Cryptology,https://tosc.iacr.org/,FSE 2027,Rolling deadline every quarter,TBD,Unknown,B
None,TBD 2027,1970-09-01 23:59,IACR Transactions on Symmetric Cryptology,https://tosc.iacr.org/,FSE 2027,Rolling deadline every quarter,TBD,Unknown,B
None,TBD 2027,1970-11-23 23:59,IACR Transactions on Symmetric Cryptology,https://tosc.iacr.org/,FSE 2027,Rolling deadline every quarter,TBD,Unknown,B
None,October 11-15 2026,1970-07-15 23:59,IACR Transactions on Cryptographic Hardware and Embedded Systems,https://ches.iacr.org/2026/,CHES 2026,Rolling deadline every quarter,"Antalya, Türkiye",Unknown,A
None,October 11-15 2026,1970-10-15 23:59,IACR Transactions on Cryptographic Hardware and Embedded Systems,https://ches.iacr.org/2026/,CHES 2026,Rolling deadline every quarter,"Antalya, Türkiye",Unknown,A
None,October 11-15 2026,%y-01-15 23:59,IACR Transactions on Cryptographic Hardware and Embedded Systems,https://ches.iacr.org/2026/,CHES 2026,Rolling deadline every quarter,"Antalya, Türkiye",Unknown,A
None,October 11-15 2026,%y-04-15 23:59,IACR Transactions on Cryptographic Hardware and Embedded Systems,https://ches.iacr.org/2026/,CHES 2026,Rolling deadline every quarter,"Antalya, Türkiye",Unknown,A
None,December 15-16 2026,2026-07-31 23:59,IMA International Conference on Cryptography and Coding,https://ima.org.uk/28271/20th-ima-international-conference-on-cryptography-and-coding/,C&C 2026,None,"Cirencester, UK",Unknown,Not Ranked
None,October 11-14 2026,2026-04-16 23:59,"International Symposium on Research in Attacks, Intrusions and Defenses",https://raid2026.org,RAID 2026,None,"Lancaster, UK",Unknown,A
None,March 23-27 2026,2025-10-17 23:59,ACM/SIGAPP Symposium On Applied Computing,https://www.sigapp.org/sac/sac2026/,SAC 2026,None,"Thessaloniki, Greece",Unknown,Not Ranked
None,Dec 7-11 2026,2026-05-26 23:59,Annual Computer Security Applications Conference,https://www.acsac.org/2026/submissions/papers/,ACSAC 2026,None,"Los Angeles, CA, USA",Unknown,A
None,June 22-25 2026,2025-12-04 23:59,The International Conference on Dependable Systems and Networks,https://dsn2026.github.io/,DSN 2026,Abstract registration required (1 week before deadline AoE).,"Charlotte, NC, USA",Unknown,A
None,June 22-25 2026,2025-09-25 23:59,International Conference on Applied Cryptography and Network Security,https://acns2026.github.io/,ACNS 2026,None,"New York, NY",Unknown,B
None,June 22-25 2026,2026-01-23 23:59,International Conference on Applied Cryptography and Network Security,https://acns2026.github.io/,ACNS 2026,None,"New York, NY",Unknown,B
None,July 01-03 2026,2025-12-03 23:59,The Conference on Detection of Intrusions and Malware & Vulnerability Assessment,https://www.dimva.org/dimva2026/,DIMVA 2026,None,"Chania, Greece",Unknown,B
None,July 01-03 2026,2026-02-11 23:59,The Conference on Detection of Intrusions and Malware & Vulnerability Assessment,https://www.dimva.org/dimva2026/,DIMVA 2026,None,"Chania, Greece",Unknown,B
None,July 8-10 2026,2025-10-27 23:59,ACM Symposium on Access Control Models and Technologies,https://www.sacmat.org/2026/,SACMAT 2026,None,"Waterloo, Canada",Unknown,Not Ranked
None,July 8-10 2026,2026-03-06 23:59,ACM Symposium on Access Control Models and Technologies,https://www.sacmat.org/2026/,SACMAT 2026,None,"Waterloo, Canada",Unknown,Not Ranked
None,August 24–27 2026,2026-03-09 23:59,"International Conference on Availability, Reliability and Security",https://www.ares-conference.eu/,ARES 2026,"Abstract registration deadline March 2, 2026.","Linköping, Sweden",Unknown,B
None,June 23-25 2026,2026-01-02 23:59,ACM Conference on Data and Application Security and Privacy,http://www.codaspy.org/2026/,CODASPY 2026,Abstract registration required (1 week before deadline AoE).,"Frankfurt am Main, Germany",Unknown,Not Ranked
None,July 28-30 2026,2025-03-27 23:59,Conference on Data and Applications Security and Privacy,https://dbsec2026.gmu.edu/,DBSec 2026,None,"Arlington, Virginia, USA",Unknown,B
None,April 13-17 2026,2025-10-07 23:59,International Conference on the World Wide Web,https://www2026.thewebconf.org,The Web Conference 2026,Abstract deadline September 30 AoE.,"Dubai, United Arab Emirates",Unknown,A*
None,November 15-18 2026,2026-06-10 23:59,ACM SIGOPS Annual Technical Conference,https://sigops.org/s/conferences/atc/2026/index.html,ATC 2026,None,"Shatin, Hong Kong",Unknown,A
None,November 2-6 2026,2026-05-30 23:59,The Symposium on Electronic Crime Research,https://apwg.org/events/ecrime2026,eCrime 2026,None,"Lisbon, Portugal",Unknown,Not Ranked
None,March 23-25 2026,2025-10-08 23:59,Passive and Active Measurement Conference,https://pam2026.at/,PAM 2026,Abstract registration required (1 week before deadline AoE).,Virtual,Unknown,B
None,August 10-11 2026,2026-02-24 23:59,USENIX Symposium on Vehicle Security and Privacy,https://www.usenix.org/conference/vehiclesec26,VehicleSec 2026,Co-located with USENIX Security 2026,"Baltimore, USA",Unknown,Not Ranked
None,October 24-26 2024,2024-08-04 23:59,International Symposium on Network Computing and Applications,https://www.nca-ieee.org/2024/index.html,NCA 2024,None,"Bertinoro, Italy",Unknown,B
None,October 22-24 2025,2025-07-15 23:59,International Conference on Risks and Security of Internet and Systems,https://crisis2025.uqo.ca,CRISIS 2025,None,"Gatineau, Canada",Unknown,Not Ranked
None,October 10-12 2025,2025-05-31 23:59,International Conference on Provable and Practical Security,https://sulab-sever.u-aizu.ac.jp/provsec2025/index.html,ProvSec 2025,None,"Yokohama, Japan",Unknown,Not Ranked
None,November 3-6 2026,2025-11-20 23:59,ACM Internet Measurement Conference,https://conferences.sigcomm.org/imc/2026/,IMC 2026,Abstract registration required (1 week before deadline AoE).,"Karlsruhe, Germany",Unknown,A
None,November 3-6 2026,2026-04-29 23:59,ACM Internet Measurement Conference,https://conferences.sigcomm.org/imc/2026/,IMC 2026,Abstract registration required (1 week before deadline AoE).,"Karlsruhe, Germany",Unknown,A
None,May 4-7 2026,2025-08-26 23:59,IEEE International Symposium on Hardware Oriented Security and Trust,http://www.hostsymposium.org/,HOST 2026,Abstract registration required (1 week before deadline AoE).,"Washington DC, USA",Unknown,Not Ranked
None,May 4-7 2026,2025-12-08 23:59,IEEE International Symposium on Hardware Oriented Security and Trust,http://www.hostsymposium.org/,HOST 2026,Abstract registration required (1 week before deadline AoE).,"Washington DC, USA",Unknown,Not Ranked
None,December 11-13 2026,2026-07-14 23:59,Asian Hardware Oriented Security and Trust Symposium,https://www.asianhost.org/2026/,AsianHOST 2026,None,"Kharagpur, India",Asia/Shanghai,Not Ranked
None,March 30 - April 1 2026,2025-06-27 23:59,Constructive Approaches for Security Analysis and Design of Embedded Systems,https://cascade-conference.org/index.html,CASCADE 2026,None,"Regensburg, Germany",Unknown,Not Ranked
None,March 30 - April 1 2026,2025-12-05 23:59,Constructive Approaches for Security Analysis and Design of Embedded Systems,https://cascade-conference.org/index.html,CASCADE 2026,None,"Regensburg, Germany",Unknown,Not Ranked
None,April 25 - May 1 2027,2026-06-30 23:59,IEEE/ACM International Conference on Software Engineering,https://conf.researchr.org/home/icse-2027,ICSE 2027,Abstract registration required (1 week before deadline AoE).,"Dublin, Ireland",Unknown,A*
None,October 12 - 16 2026,2026-03-26 23:59,IEEE/ACM Automated Software Engineering,https://conf.researchr.org/home/ase-2026,ASE 2026,None,"Munich, Germany",Unknown,A*
None,July 12 - 16 2027,2026-10-09 23:59,ACM International Conference on the Foundations of Software Engineering,https://conf.researchr.org/home/fse-2026,ESEC/FSE 2027,None,"Shenzhen, China",Unknown,A*
None,October 3 - 9 2026,2026-01-29 23:59,ACM SIGSOFT International Symposium on Software Testing and Analysis,https://conf.researchr.org/home/issta-2026,ISSTA 2026,None,"Oakland, CA, USA",Unknown,Not Ranked
None,November 4 - 6 2025,2025-04-16 23:59,ESA Security for Space Systems Conference,https://security4space.esa.int/2025/cfp/,Security for Space Systems (3S) 2025,None,"ESTEC, Noordwijk, Netherlands",Unknown,Not Ranked
None,November 4 - 6 2025,2025-06-30 23:59,ESA Security for Space Systems Conference,https://security4space.esa.int/2025/cfp/,Security for Space Systems (3S) 2025,None,"ESTEC, Noordwijk, Netherlands",Unknown,Not Ranked
None,December 13-15 2026,2026-09-15 23:59,Security Standardisation Research Conference,https://ssresearch26.umbc.edu/,SSR 2026,None,"Baltimore, MD, USA",Unknown,Not Ranked
None,January 29-30 2024,2023-11-05 23:59,IEEE International Symposium on Secure and Private Execution Environment Design,https://seed-symposium.org/2024/,SEED 2024,None,"Orlando, FL",Unknown,Not Ranked
None,Nov 20-22 2024,2024-07-01 23:59,International Conference on Network and System Security and International Symposium on Security and Privacy in Social Networks and Big Data,http://nsclab.org/nss-socialsec2024/index.html,NSS-SocialSec 2024,None,"Abu Dhabi, UAE",Unknown,Not Ranked
None,September 15–16 2026,2025-04-20 23:59,International Conference on IT Security Incident Management and IT Forensics,https://www.imf-conference.org/cfp.html,IMF 2026,None,"Bonn, Germany",Etc/UTC,Not Ranked
None,May 29-31 2026,2026-03-31 23:59,International Conference on Science of Cyber Security,https://scisec.org/,SciSec 2026,None,"Beijing, China",Unknown,Not Ranked
None,"Sep 2-3, 2026 2026",2026-04-13 23:59,International Conference on Design of Cyber-Secure Critical Infrastructure,https://dcs-ci.github.io,DCS-CI 2026,None,"Buford, Georgia, USA",Unknown,Not Ranked
None,September 2-3 2026,2026-05-25 23:59,Conference on Sociotechnical Cybersecurity and Privacy,https://scpconf.eu/,SCP 2026,Abstract registration required (May 20 AoE).,"Belval, Luxembourg",Unknown,Not Ranked
None,July 6-9 2026,2025-11-27 23:59,Australasian Conference on Information Security and Privacy,https://acisp.org/,ACISP 2026,None,"Perth, Australia",Unknown,Not Ranked
None,July 6-9 2026,2026-02-26 23:59,Australasian Conference on Information Security and Privacy,https://acisp.org/,ACISP 2026,None,"Perth, Australia",Unknown,Not Ranked
None,February 3-8 2025,2024-12-09 23:59,Italian Conference on Cybersecurity,https://itasec.it/,ITASEC 2025,None,"Bologna, IT",Unknown,Not Ranked
None,September 15-18 2026,2026-04-15 23:59,Intelligent Cybersecurity Conference,https://icsc-conference.org/2026/,ICSC 2026,None,"Abu Dhabi, UAE",Unknown,Not Ranked
None,October 27-30 2026,2026-02-28 23:59,International Conference on Information and Communications Security,https://sulab-sever.u-aizu.ac.jp/icics2026/index.html,ICICS 2026,None,"Fukui, Japan",Asia/Tokyo,Not Ranked
None,October 27-30 2026,2026-05-23 23:59,International Conference on Information and Communications Security,https://sulab-sever.u-aizu.ac.jp/icics2026/index.html,ICICS 2026,None,"Fukui, Japan",Asia/Tokyo,Not Ranked
None,March 23-25 2026,2025-09-24 23:59,IEEE Conference on Secure and Trustworthy Machine Learning,https://satml.org/,SaTML 2026,None,"Munich, Germany",Unknown,Not Ranked
None,November 12-13 2025,2025-08-17 23:59,Nordic Conference on Secure IT Systems,https://nordsec2025.cs.ut.ee/,NordSec 2025,None,"Tartu, Estonia",Unknown,Not Ranked
None,July 5-6 2026,2026-02-05 23:59,Secure Development Conference,https://conf.researchr.org/home/secdev-2026,SecDev 2026,None,"Montreal, Canada",Unknown,Not Ranked
None,June 1 2026,2026-03-16 23:59,Workshop on Trustworthy AI for IoMT (Internet of Medical Things),https://trustai2026.web.illinois.edu/,TRUST-AI 2026,Co-located with IEEE ICHI 2026.,"Minneapolis, MN, USA",Unknown,Not Ranked
None,June 25 2026,2026-03-14 23:59,ACNS Workshop on Artificial Intelligence in Hardware Security,http://aihws2026.aisylab.com/,AIHWS 2026,In conjunction with ACNS 2026,"Stony Brook, New York, USA",Unknown,Not Ranked
None,June 22 2026,2026-01-30 23:59,International Workshop on Artificial Intelligence and IoT Security,https://aiots26.github.io/main/,AIoTS 2026,In conjunction with ACNS 2026,"Stony Brook, NY, USA",Unknown,Not Ranked
None,June 22 2026,2026-03-13 23:59,International Workshop on Artificial Intelligence and IoT Security,https://aiots26.github.io/main/,AIoTS 2026,In conjunction with ACNS 2026,"Stony Brook, NY, USA",Unknown,Not Ranked
None,June 22-25 2026,2026-01-30 23:59,International Workshop on Critical Infrastructure and Maritime Systems Security,https://cimss2026.github.io/,CIMSS 2026,In conjunction with ACNS,"Stony Brook University, NY, USA",Unknown,Not Ranked
None,June 22-25 2026,2026-03-22 23:59,International Workshop on Critical Infrastructure and Maritime Systems Security,https://cimss2026.github.io/,CIMSS 2026,In conjunction with ACNS,"Stony Brook University, NY, USA",Unknown,Not Ranked
None,June 2026 2026,2026-03-20 23:59,ACNS Workshop on Intelligent and Secure Computing,https://acns-isc.github.io/2026/index.html,ACNS-ISC 2026,In conjunction with ACNS 2026,"Stony Brook University, NY, USA",Unknown,Not Ranked
None,June 24 2025,2025-03-15 23:59,ACNS Workshop on Secure Cryptographic Implementation,https://acns-sci.github.io/,SCI 2025,In conjunction with ACNS 2025,"Munich, Germany",Unknown,Not Ranked
None,June 22-25 2026,2026-03-20 23:59,International Workshop on Security in Machine Learning and its Applications,https://simlaacns.github.io/,SiMLA 2026,In conjunction with ACNS,"Stony Brook University, NY, USA",Unknown,Not Ranked
None,October 17 2025,2025-06-20 23:59,The Joint Workshop on CPS & IoT Security and Privacy,https://cpsiotsec2025.github.io/,CPSIoTSec 2025,In conjunction with ACM CCS 2025,"Taipei, Taiwan",Unknown,Not Ranked
None,"October 17, 2025 2025",2025-07-03 23:59,Workshop on Artificial Intelligence and Security,https://aisec.cc,AISec 2025,Co-located with ACM CCS 2025,"Taipei, Taiwan",Unknown,Not Ranked
None,June 22 2026,2026-04-05 23:59,ACM SIGEnergy Workshop on Cybersecurity and Privacy of Energy Systems,https://energysp.github.io/,EnergySP 2026,In conjunction with ACM eEnergy 2026,"Banff, Canada",Unknown,Not Ranked
None,June 30 2025,2025-02-20 23:59,Workshop on Rethinking Malware Analysis,https://worma.gitlab.io/2025/,WoRMA 2025,Co-located with IEEE Euro S&P,"Venice, Italy",Unknown,Not Ranked
None,April 27 2026,2026-02-07 23:59,Workshop on System Software for Trusted Execution,https://systex-workshop.github.io/2026/,SysTEX 2026,Co-located with EuroSys 2026,"Edinburgh, Scotland",Unknown,Not Ranked
None,December 10 2024,2024-09-12 23:59,Industrial Control System Security Workshop,https://www.acsac.org/2024/workshops/icss/,ICSS 2024,In conjunction with ACSAC,"Waikiki, Hawaii, USA",Unknown,Not Ranked
None,December 9 2024,2024-10-06 23:59,Workshop Encouraging Building Better Blockchain Security,https://www.acsac.org/2024/workshops/web3sec/,WEB3SEC 2024,In conjunction with ACSAC,"Waikiki, Hawaii, USA",Unknown,Not Ranked
None,October 17 2025,2025-07-03 23:59,Workshop on Recent Advances in Resilient and Trustworthy MAchine learning-driveN system,https://artman-workshop.gitlab.io/,ARTMAN 2025,In conjunction with CCS,"Taipei, Taiwan",Unknown,Not Ranked
None,October 13 2025,2025-07-07 23:59,Workshop on Privacy in the Electronic Society,http://jianying.space/WPES2025/,WPES 2025,In conjunction with ACM CCS,"Taipei, Taiwan",Unknown,Not Ranked
None,September 27 - 30 2026,2026-04-30 23:59,New Security Paradigms Workshop,https://www.nspw.org/2026/cfp,NSPW 2026,None,"Victoria, Canada",Unknown,Not Ranked
None,September 14 - 17 2026,2025-05-11 23:59,IEEE Conference on Communications and Network Security,https://cns2026.ieee-cns.org/,CNS 2026,None,"Newark, DE, USA",Unknown,Not Ranked
None,October 18 2025,2025-07-27 23:59,Hardware and Architectural Support for Security and Privacy,https://haspworkshop.org/2025/index.html,HASP 2025,Co-located with MICRO 2025,"Seoul, Korea",Unknown,Not Ranked
None,September 9 2024,2024-07-05 23:59,Program Analysis and Verification on Trusted Platforms,https://pavetrust.github.io/,PAVeTrust 2024,Collocated with FM,"Milan, Italy",Unknown,Not Ranked
None,February 23 2026,2025-11-16 23:59,Workshop on the Security of Space and Satellite Systems,https://spacesec.info/,SpaceSec 2026,Co-located with NDSS Symposium,"San Diego, California, USA",Unknown,Not Ranked
None,February 27 2026,2025-12-11 23:59,"Workshop on Measurements, Attacks, and Defenses for the Web",https://madweb.work/,MADWeb 2026,Co-located with NDSS Symposium,"San Diego, California, USA",Unknown,Not Ranked
None,February 23 2026,2025-12-10 23:59,Workshop on Security and Privacy in Standardized IoT,https://sdiotsec.github.io/,SDIoTSec 2026,Co-located with NDSS Symposium,"San Diego, California, USA",Unknown,Not Ranked
None,February 23 2026,2025-12-22 23:59,Workshop on SOC Operations and Construction,https://www.ndss-symposium.org/ndss2026/submissions/cfp-wosoc/,WOSOC 2026,Co-located with NDSS Symposium,"San Diego, California, USA",Unknown,Not Ranked
None,February 27 2026,2025-12-10 23:59,Workshop on LLM Assisted Security and Trust Exploration,https://www.ndss-symposium.org/ndss2026/submissions/cfp-last-x/,LAST-X 2026,Co-located with NDSS Symposium,"San Diego, California, USA",Unknown,Not Ranked
None,February 27 2026,2025-12-05 23:59,Symposium on Usable Security and Privacy,https://www.ndss-symposium.org/ndss2026/submissions/cfp-usec/,USEC 2026,Co-located with NDSS Symposium,"San Diego, California, USA",Unknown,Not Ranked
None,February 23 2026,2025-12-15 23:59,"Workshop on Attack Provenance, Reasoning, and Investigation for Security in the Monitored Environment",https://www.ndss-symposium.org/ndss2026/submissions/cfp-prism/,PRISM 2026,Co-located with NDSS Symposium,"San Diego, California, USA",Unknown,Not Ranked
None,August 10–11 2026,2025-12-12 23:59,USENIX WOOT Conference on Offensive Technologies,https://www.usenix.org/conference/woot26/call-for-papers,WOOT 2026,Co-located with USENIX Security; up-and-coming track deadline is Mar 3 (cycle-2),"Baltimore, MD, USA",Unknown,Not Ranked
None,August 10–11 2026,2026-03-03 23:59,USENIX WOOT Conference on Offensive Technologies,https://www.usenix.org/conference/woot26/call-for-papers,WOOT 2026,Co-located with USENIX Security; up-and-coming track deadline is Mar 3 (cycle-2),"Baltimore, MD, USA",Unknown,Not Ranked
None,May 15 2025,2025-02-17 23:59,IEEE/ACM Workshop on the Internet of Safe Things,https://safethings25.ieee-security.org/,SafeThings 2025,Co-located with IEEE S&P 2025,"San Francisco, CA, USA",Unknown,Not Ranked
None,May 19 2026,2026-02-13 23:59,Malicious Software and Hardware in Internet of Things,https://security.ucc.ie/mal-iot2026/,MALIoT 2026,Co-located with ACM International Conference on Computing Frontiers 2026,"Catania, Italy",Unknown,Not Ranked
None,July 4 2025,2025-03-02 23:59,DevSecOps Research and Opportunities,https://spritz.math.unipd.it/events/2025/devSecOpsRO/,DevSecOpsRO 2025,None,"Venice, Italy",Unknown,Not Ranked
None,February 27 2026,2025-12-11 23:59,International Fuzzing Workshop,https://fuzzing-workshop.github.io/,FUZZING 2026,Co-located with NDSS 2026,"San Diego, CA, USA",Unknown,Not Ranked
None,September 16-20 2024,2024-06-29 23:59,Workshop on Security and Artificial Intelligance,https://sites.google.com/view/secai2024,SECAI 2024,Co-located with ESORICS 2024,"Bydgoszcz, Poland",Unknown,Not Ranked
None,October 18 2024,2024-07-18 23:59,Workshop on Attacks and Solutions in Hardware Security,http://ashesworkshop.org/home,ASHES 2024,Co-located with ACM CCS '24,"Salt Lake City, Utah, United States",Unknown,Not Ranked
None,October 18 2024,2024-07-05 23:59,ACM Workshop on Software Supply Chain Offensive Research and Ecosystem Defenses,https://scored.dev/,SCORED 2024,Co-located with ACM CCS '24,"Salt Lake City, Utah, United States",Unknown,Not Ranked
None,September 25 2025,2025-06-30 23:59,Data Privacy Management International Workshop,https://deic.uab.cat/dpm/dpm2025/,DPM 2025,Co-located with ESORICS 2025,"Toulouse, France",Unknown,Not Ranked
None,September 25 2025,2025-06-30 23:59,International Workshop on Cryptocurrencies and Blockchain Technology,http://cbtworkshop.org/,CBT 2025,Co-located with ESORICS 2025,"Toulouse, France",Unknown,Not Ranked
None,December 15-18 2024,2024-10-01 23:59,Workshop on Cyber Threat Intelligence and Hunting,https://cyberhunt2024.cyberhunt.no/,CyberHunt 2024,Co-located with IEEE BigData 2024,"Washington DC, USA",Unknown,Not Ranked
None,December 16-20 2026,2026-07-10 23:59,International Conference on Information Systems Security,https://iciss.in/cfp/,ICISS 2026,None,"CMI Chennai, India",Unknown,Not Ranked
None,June 2 2026,2026-01-31 23:59,ACM Cyber-Physical System Security Workshop,https://cpss26.github.io/,CPSS 2026,Co-located with ACM AsiaCCS,"Bangalore, India",Unknown,Not Ranked
None,June 2 2026,2026-02-13 23:59,International Workshop on Secure and Efficient Federated Learning,https://federated-learning.org/fl-asiaccs-2026/,FL 2026,Co-located with ACM AsiaCCS,"Bangalore, India",Unknown,Not Ranked
None,June 30 2025,2025-02-20 23:59,Workshop on Attackers and Cyber-Crime Operations,https://wacco-workshop.org/,WACCO 2025,None,"Venezia, Italy",Unknown,Not Ranked
None,November 24-26 2026,2026-06-08 23:59,International Workshop on Security,https://www.iwsec.org/2026/index.html,IWSEC 2026,None,"Tokyo, JP",Unknown,Not Ranked
None,December 8 2025,2025-09-17 23:59,Cyber Security Experimentation and Test Workshop,https://cset25.isi.edu/,CSET 2025,Co-located with ACSAC,"Honolulu, Hawaii, USA",Unknown,Not Ranked
None,June 23-26 2026,2026-03-31 23:59,Workshop on Quantum-Secure Networks and Systems,https://qubip.eu/qsns2026/,QSNS 2026,Co-located with IEEE ISCC 2026,"Vilamoura, Algarve, Portugal",Unknown,Not Ranked
None,October 17 2025,2025-07-08 23:59,Research on offensive and defensive techniques in the context of Man At The End (MATE) attacks,https://checkmate-workshop.github.io/,CheckMATE 2025,Co-located with ACM CCS 2025,"Taipei, Taiwan",Unknown,Not Ranked
None,October 17 2025,2025-06-29 23:59,Cyber Security in Cars Workshop,https://acm-cscs.org,CSCS 2025,Co-located with ACM CCS 2025,"Taipei, Taiwan",Unknown,Not Ranked
None,November 5–6 2026,2026-05-01 23:59,EAI International Conference on Security and Privacy in Cyber-Physical Systems and Smart Vehicles,https://smartsp.eai-conferences.org/,SmartSP 2026,None,"Detroit, MI, USA",Unknown,Not Ranked
None,November 5–6 2026,2026-07-16 23:59,EAI International Conference on Security and Privacy in Cyber-Physical Systems and Smart Vehicles,https://smartsp.eai-conferences.org/,SmartSP 2026,None,"Detroit, MI, USA",Unknown,Not Ranked
None,October 17 2025,2025-06-24 23:59,The ACM Cloud Computing Security Workshop,https://ccsw.io/,CCSW 2025,Co-located with ACM CCS 2025,"Taipei, Taiwan, China",Unknown,Not Ranked
None,April 14-16 2026,2025-11-07 23:59,International Conference on Post-Quantum Cryptography,https://pqcrypto2026.irisa.fr/,PQCrypto 2026,Initial submission with abstract required Oct 31st.,"Saint-Malo, France",Unknown,Not Ranked
None,December 8 2025,2025-10-06 23:59,Workshop on AI for Cyber Threat Intelligence,https://waiti-workshop.github.io/,WAITI 2025,Co-located with ACSAC 2025,"Waikiki, Hawaii, USA",Unknown,Not Ranked
None,September 27 2024,2024-07-29 23:59,Topics in Applied Cryptography,https://aleph.fbk.eu/events/TAC2024/,TAC 2024,Co-located with CIFRIS. Paper registration due Jul 25 AoE,"Rome, Italy",Unknown,Not Ranked
None,February 23 2026,2026-01-06 23:59,Workshop on Security and Privacy of Next-Generation Networks,https://www.ndss-symposium.org/ndss2026/submissions/cfp-futureg/,FutureG 2026,Co-located with NDSS Symposium,"San Diego, California, USA",Unknown,Not Ranked
None,August 4-7 2025,2025-03-01 23:59,International Workshop on Cloud Resilience for the Internet of Things,https://www.cloudresiot.com/,CloudResIOT 2025,Co-located with ICCCN 2025.,"Tokyo, Japan",Unknown,Not Ranked
None,June 23-25 2025,2025-01-31 23:59,Workshop on the Economics of Information Security,http://kmlabcw.iis.u-tokyo.ac.jp/weis/2025/,WEIS 2025,None,"Tokyo, Japan",Unknown,Not Ranked
None,July 10 2026,2026-03-10 23:59,International Workshop on Security and Risk in Identity Management,https://st.fbk.eu/events/SeRIM2026/,SeRIM 2026,Co-Located with IEEE European Symposium on Security and Privacy (EuroS&P).,"Lisbon, Portugal",Unknown,Not Ranked
None,June 5-6 2025,2025-03-13 23:59,Crypto Valley Conference on Blockchain Technology 2025,https://cryptovalleyconference.com/call-for-papers,Crypto Valley Conference 2025,None,"Rotkreuz, Switzerland",Unknown,Not Ranked
None,June 25 2026,2026-03-10 23:59,ACM Workshop on Secure and Trustworthy Cyber Physical Systems,https://sites.google.com/view/sat-cps2026/,ACM SaT-CPS 2026,Co-Located with ACM Conference on Data and Application Security and Privacy (CODASPY).,"Frankfurt, Germany",Unknown,Not Ranked
None,June 2 2026,2026-01-20 23:59,ACM ASIA Public-Key Cryptography Workshop,https://iseclab.ec.t.kanazawa-u.ac.jp/en/APKC2026.html,APKC 2026,Co-located with ACM AsiaCCS 2026,"Bangalore, India",Unknown,Not Ranked
None,September 25-26 2025,2025-06-30 23:59,Workshop on Mobile and IoT Security Technologies,https://mist-workshop.github.io/,MIST 2025,Co-located with ESORICS 2025,"Toulouse, France",Unknown,Not Ranked
None,February 3 2026,2025-07-15 23:59,Microarchitecture Security Conference,https://uasc.cc,uASC 2026,None,"Leuven, Belgium",Unknown,Not Ranked
None,February 3 2026,2025-11-04 23:59,Microarchitecture Security Conference,https://uasc.cc,uASC 2026,None,"Leuven, Belgium",Unknown,Not Ranked
None,September 25 2025,2025-06-13 23:59,Workshop on Hardware-Supported Software Security,https://hs3-workshop.github.io/,HS3 2025,Co-located with ESORICS 25.,"Toulouse, France",Unknown,Not Ranked
None,September 11 2025,2025-07-10 23:59,10th IEEE International Workshop on Cyber-Physical Systems Security,https://spritz.math.unipd.it/events/2025/CPS-Sec2025/,CPS-Sec 2025,In conjunction with IEEE CNS,"Avignon, France",Unknown,Not Ranked
None,September 14 2025,2025-07-14 23:59,"Workshop on Open Tools, Interfaces and Metrics for Implementation Security Testing",https://optimist-ose.org/ches25,OPTIMIST 2025,Co-located with CHES 25.,"Kuala Lumpur, Malaysia",Unknown,Not Ranked
None,October 17 2025,2025-06-20 23:59,Workshop on Human-Centered AI Privacy and Security,https://haips.com,HAIPS 2025,Co-located with ACM CCS 2025,"Taipei, Taiwan",Unknown,Not Ranked
None,October 13 2025,2025-07-01 23:59,Workshop on Re-design Industrial Control Systems with Security,https://ricssworkshop.github.io/,RICSS 2025,Co-located with ACM CCS 2025,"Taipei, Taiwan",Unknown,Not Ranked
None,October 14-17 2025,2025-07-30 23:59,Workshop on Blockchain for Decentralized Trust and Digital Identity,https://bcca-conference.org/2025/Workshops/b4ti.php,B4TI 2025,Co-located with BCCA 2025,"Dubrovnik, Croatia",Unknown,Not Ranked
None,October 13 2025,2025-07-07 23:59,Workshop on Software Understanding and Reverse Engineering,https://sure-workshop.org/,SURE 2025,Co-located with ACM CCS 2025,"Taipei, Taiwan",Unknown,Not Ranked
None,December 2-4 2026,2026-06-01 23:59,EAI International Conference on Wireless Internet,https://wicon.eai-conferences.org/2026/,WICON 2026,None,"Bratislava, Slovakia",Unknown,Not Ranked
None,December 4-5 2025,2025-10-20 23:59,EAI International Conference on Ad Hoc Networks,https://adhocnets.eai-conferences.org/2025/,ADHOCNETS 2025,None,"Istanbul, Turkey",Unknown,Not Ranked
None,April 27 2026,2026-02-03 23:59,European Workshop on Systems Security,https://eurosec-workshop.github.io/,EuroSec 2026,Co-located with ACM EuroSys 2026,"Edinburgh, UK",Unknown,Not Ranked
None,June 23-26 2026,2026-04-10 23:59,NextG Networks Cryptography and Security (NextG-Sec),https://nextg-sec.github.io/,NextG-Sec 2026,Co-located with ACNS 2026,"Stony Brook, New York, USA",Unknown,Not Ranked
None,May 10 2026,2026-02-01 23:59,Workshop on Migration and Agility in Cryptographic Systems,https://magics.cs.hs-rm.de,MAgiCS 2026,Co-located with EuroCrypt 2026,"Rome, Italy",UTC,Not Ranked
None,April 7 2026,2026-01-19 23:59,International Workshop on AI Safety and Security,https://cyber.kent.ac.uk/events/AI-SS2026/index.html,AI-SS 2026,Co-located with EDCC 2026 (21st European Dependable Computing Conference),"Canterbury, UK",UTC,Not Ranked
None,April 20-21 2026,2026-02-22 23:59,International Workshop on Trends in Digital Identity,https://st.fbk.eu/events/TDI2026/,TDI 2026,None,"Verona, Italy",Unknown,Not Ranked
None,"May 21, 2026 2026",2026-02-20 23:59,The 1st Workshop on Datasets for Software Security,https://data4softsec26.ieee-security.org,Data4SoftSec 2026,Co-located with IEEE S&P 2026,"San Francisco, California, USA",UTC,Not Ranked
None,May 24-28 2026,2026-01-31 23:59,Workshop on Cybersecurity of Digital Twins and Interconnected Cyber Physical Systems,https://seccps.github.io/,SecCPS 2026,Co-located with IEEE ICC 2026,"Glasgow, UK",Unknown,Not Ranked
None,"May 21, 2026 2026",2026-02-19 23:59,Workshop on Metascience and Critical Reflections in Security & Privacy,https://metacrisp.org,MetaCRiSP 2026,Co-located with IEEE S&P 2026,"San Francisco, California, USA",Unknown,Not Ranked
None,July 10 2025,2026-3-12 23:59,Workshop on Automotive Cyber-Security,https://acsw.unimore.it/,ACSW 2025,Co-Located with IEEE European Symposium on Security and Privacy,"Lisbon, Portugal",Unknown,Not Ranked
None,July 04 2025,2025-03-23 23:59,Workshop on Operating Systems and Virtualization Security,https://osvs.pages.dev,OSVS 2025,Co-located with IEEE Euro S&P,"Venice, Italy",Unknown,Not Ranked
None,February 28 2025,2025-01-10 23:59,Workshop on Innovation in Metadata Privacy---Analysis and Construction Techniques,https://www.ndss-symposium.org/ndss2025/co-located-events/impact/,IMPACT 2025,Co-located with NDSS Symposium,"San Diego, California, USA",Unknown,Not Ranked
None,August 24-27 2026,2026-05-18 23:59,International Workshop on Emerging Digital Identities,https://www.ares-conference.eu/edid,EDId 2026,Co-located with ARES,"Linköping, SE",Unknown,Not Ranked
None,August 24-27 2026,2026-04-15 23:59,International Workshop on Digital Forensics,https://www.ares-conference.eu/wsdf,WSDF 2026,Co-located with ARES,"Linköping, SE",Unknown,Not Ranked
None,August 24-27 2026,2026-05-18 23:59,"Workshop on Security, Availability, and Fault-Tolerance in Edge AI Systems",https://www.ares-conference.eu/safe-edge,SAFE-EDGE 2026,Co-located with ARES,"Linköping, SE",Unknown,Not Ranked
None,August 24-27 2026,2026-05-18 23:59,International Workshop on Security of Mobile Applications,https://www.ares-conference.eu/iwsma,IWSMA 2026,Co-located with ARES,"Linköping, SE",Unknown,Not Ranked
None,August 24-27 2026,2026-05-18 23:59,Workshop on Quantum Computing for Securing Large Language Models,https://www.ares-conference.eu/qcllm,QCLLM 2026,Co-located with ARES,"Linköping, SE",Unknown,Not Ranked
None,August 24-27 2026,2026-05-18 23:59,Workshop on Advances in Secure Software Deployments,https://www.ares-conference.eu/asod,ASOD 2026,Co-located with ARES,"Linköping, SE",Unknown,Not Ranked
None,August 24-27 2026,2026-04-15 23:59,"International Workshop on Artificial Intelligence, Cyber and Cyber-Physical Security",https://www.ares-conference.eu/aiccps,AI&CCPS 2026,Co-located with ARES,"Linköping, SE",Unknown,Not Ranked
None,August 24-27 2026,2026-05-01 23:59,International Workshop on Cybersecurity and Privacy Risk Assessments,https://www.ares-conference.eu/cpra,CPRA 2026,Co-located with ARES,"Linköping, SE",Unknown,Not Ranked
None,August 24-27 2026,2026-05-18 23:59,Workshop on Recent Advances in Cyber Situational Awareness and Data-Centric Approaches,https://www.ares-conference.eu/csa,CSA 2026,Co-located with ARES,"Linköping, SE",Unknown,Not Ranked
None,August 24-27 2026,2026-05-08 23:59,International Workshop on Cyber Use of Information Hiding,https://www.ares-conference.eu/cuing,CUING 2026,Co-located with ARES,"Linköping, SE",Unknown,Not Ranked
None,August 24-27 2026,2026-05-04 23:59,International Workshop on Applied Trust and Cyber Resilience,https://www.ares-conference.eu/cyrestrust,CyResTrust 2026,Co-located with ARES,"Linköping, SE",Unknown,Not Ranked
None,August 24-27 2026,2026-05-11 23:59,International Workshop on Graph-based Approaches for CyberSecurity,https://www.ares-conference.eu/grasec,GRASEC 2026,Co-located with ARES,"Linköping, SE",Unknown,Not Ranked
None,August 24-27 2026,2026-05-11 23:59,International Workshop on Cyber Crime,https://www.ares-conference.eu/iwcc,IWCC 2026,Co-located with ARES,"Linköping, SE",Unknown,Not Ranked
None,August 24-27 2026,2026-05-18 23:59,International Workshop on Post-Quantum Cybersecurity Readiness and Migration,https://www.ares-conference.eu/pq-readysec,PQ-ReadySec 2026,Co-located with ARES,"Linköping, SE",Unknown,Not Ranked
None,August 24-27 2026,2026-05-18 23:59,"International Workshop on Responsible Data Governance, Privacy, and Digital Transformation",https://www.ares-conference.eu/rdgpt,RDGPT 2026,Co-located with ARES,"Linköping, SE",Unknown,Not Ranked
None,August 24-27 2026,2026-05-04 23:59,Workshop on Sustainable Security And Awareness For Next Generation Infrastructures,https://www.ares-conference.eu/safer,SAFER 2026,Co-located with ARES,"Linköping, SE",Unknown,Not Ranked
None,August 24-27 2026,2026-05-18 23:59,International Workshop on Supply Chain Cyber Security,https://www.ares-conference.eu/sccs,SCCS 2026,Co-located with ARES,"Linköping, SE",Unknown,Not Ranked
None,August 24-27 2026,2026-05-15 23:59,Workshop on Cybersecurity in Healthcare Operations,https://www.ares-conference.eu/sechealth,SecHealth 2026,Co-located with ARES,"Linköping, SE",Unknown,Not Ranked
None,August 24-27 2026,2026-05-05 23:59,Workshop on Cybersecurity in Industry 4.0 and Beyond,https://www.ares-conference.eu/secindustry,Secdustry 2026,Co-located with ARES,"Linköping, SE",Unknown,Not Ranked
None,August 24-27 2026,2026-05-01 23:59,"International Workshop on Trust, Privacy and Security in the Digital Society",https://www.ares-conference.eu/trustbus,TrustBus 2026,Co-located with ARES,"Linköping, SE",Unknown,Not Ranked
None,August 24-27 2026,2026-05-18 23:59,Workshop on Security in Aviation,https://www.ares-conference.eu/sia,SIA 2026,Co-located with ARES,"Linköping, SE",Unknown,Not Ranked
None,August 24-27 2026,2026-05-18 23:59,International Workshop on Security and/or Privacy Enhancing Technologies for Multimodal Data,https://www.ares-conference.eu/spetvid,SPETViD 2026,Co-located with ARES,"Linköping, SE",Unknown,Not Ranked
None,May 18 - 22 2026,2026-02-27 23:59,"International Workshop on Secure, Accountable, and Verifiable Machine Learning",https://conf.researchr.org/home/icst-2026/safe-ml-2026,SAFE-ML 2026,Co-located with ICST,"Daejeon, South Korea",Unknown,Not Ranked
None,September 01-03 2025,2025-04-18 23:59,International Workshop on Lightweight Cryptography for Security and Privacy,https://www.encrypt-on.com/activities/conferences/lightsec-2025/,LightSEC 2025,None,"Istanbul, Turkiye",Unknown,Not Ranked
None,May 23 2025,2025-01-31 23:59,IFIP International Workshop on Network and Distributed Systems Security,https://ifiptc11.org/wg114-events/wg114-workshop,IFIP WNDSS 2025,None,"Maribor, Slovenia",Unknown,Not Ranked
None,May 6 2025,2025-02-08 23:59,International Workshop on Security and Privacy of Sensing Systems,https://emtechlab.github.io/sensors-security-privacy-workshop/,Sensors S&P 2025,Co-located with Sensys at Cyber-Physical Systems and Internet-of-Things Week,"Irvine, USA",Unknown,Not Ranked
None,October 13 2025,2025-07-04 23:59,Workshop on Programming Languages and Analysis for Security,https://plas25.github.io/,PLAS 2025,Co-located with CCS 2025,"Taipei, Taiwan",Unknown,Not Ranked
None,August 10-14 2026,2026-04-30 23:59,IFIP Summer School on Privacy and Identity Management,https://ifip-summerschool.org/,IFIPSC 2026,"Abstract submission. Once accepted, full papers due July 30.","Leuven, Belgium",Unknown,Not Ranked
"Jan 07, Apr 22",November 15-19 2026,2026-01-14 23:59,ACM Conference on Computer and Communications Security,https://www.sigsac.org/ccs/CCS2026/,ACM CCS 2026,"2 deadlines. Notifications - April 09, July 17.","The Hague, Netherlands",Unknown,A*
"Jan 07, Apr 22",November 15-19 2026,2026-04-29 23:59,ACM Conference on Computer and Communications Security,https://www.sigsac.org/ccs/CCS2026/,ACM CCS 2026,"2 deadlines. Notifications - April 09, July 17.","The Hague, Netherlands",Unknown,A*
None,June 22-26 2026,2025-11-04 19:59,ACM Symposium on Theory of Computing,https://acm-stoc.org/stoc2026/,ACM STOC 2026,Notification - February 01.,"Salt Lake City, Utah, USA",Unknown,A*
None,August 17-20 2026,2026-02-12 23:59,International Cryptology Conference,https://crypto.iacr.org/2026,CRYPTO 2026,Notification - May 04. Early reject - April 07.,"Santa Barbara, USA",PT,A*
None,May 10-14 2026,2025-10-02 23:59,European Cryptology Conference,https://eurocrypt.iacr.org/2026/,EUROCRYPT 2026,"Early Reject - December 08, Notification - January 31.","Rome, Italy",Unknown,A*
None,November 08-11 2026,2026-04-01 16:59,IEEE Symposium on Foundations of Computer Science,https://focs.computer.org/2026/,IEEE FOCS 2026,Notification - July 3.,"New York, USA",EDT,A*
July 17,May 17-20 2027,2026-07-24 23:59,IEEE International Conference on Computer Communications,https://infocom2027.ieee-infocom.org,IEEE INFOCOM 2027,Notification - December 01.,"Honolulu, Hawai",Unknown,A*
"May 29, November 6",May 18–21 2027,2026-06-05 23:59,IEEE Symposium on Security and Privacy,https://sp2027.ieee-security.org/,IEEE S&P (Oakland) 2027,"Early Reject -  July 21, January 19. Notification - September 09, March 09.","San Francisco, California, USA",Unknown,A*
"May 29, November 6",May 18–21 2027,2026-11-13 23:59,IEEE Symposium on Security and Privacy,https://sp2027.ieee-security.org/,IEEE S&P (Oakland) 2027,"Early Reject -  July 21, January 19. Notification - September 09, March 09.","San Francisco, California, USA",Unknown,A*
None,TBA 2027,2026-05-06 23:59,Network and Distributed System Security Symposium,https://www.ndss-symposium.org/ndss2027/,NDSS 2027,"Early Reject - June 12, September 25. Notification - July 22 and November 04.",Outside US (TBA),Unknown,A*
None,TBA 2027,2026-08-19 23:59,Network and Distributed System Security Symposium,https://www.ndss-symposium.org/ndss2027/,NDSS 2027,"Early Reject - June 12, September 25. Notification - July 22 and November 04.",Outside US (TBA),Unknown,A*
February 11,June 06-10 2026,2026-02-16 23:59,ACM Symposium on Principles of Distributed Computing,https://www.podc.org/podc2026/,ACM PODC 2026,Notification - April 29. Includes Brief Announcements.,"Egham, England",Unknown,A*
"May 23, December 03",June 13-19 2027,2026-05-30 23:59,Principles of Database Systems Symposium,https://2027.sigmod.org,ACM SIGMOD+PODS (PODS) 2027,"Notification - September 01, March 01. Data Privacy.","Huntington Beach, CA, USA",Unknown,A*
"May 23, December 03",June 13-19 2027,2026-12-10 23:59,Principles of Database Systems Symposium,https://2027.sigmod.org,ACM SIGMOD+PODS (PODS) 2027,"Notification - September 01, March 01. Data Privacy.","Huntington Beach, CA, USA",Unknown,A*
"January 10, April 10, July 10, October 10",June 13-19 2027,2026-01-17 23:59,ACM Special Interest Group on Management of Data Conference,https://2027.sigmod.org,ACM SIGMOD+PODS (SIGMOD) 2027,"Notification - June 02, September 02, December 02, March 02. Data Privacy, Differential Privacy, Industrial Track.","Huntington Beach, CA, USA",Unknown,A*
"January 10, April 10, July 10, October 10",June 13-19 2027,2026-04-17 23:59,ACM Special Interest Group on Management of Data Conference,https://2027.sigmod.org,ACM SIGMOD+PODS (SIGMOD) 2027,"Notification - June 02, September 02, December 02, March 02. Data Privacy, Differential Privacy, Industrial Track.","Huntington Beach, CA, USA",Unknown,A*
"January 10, April 10, July 10, October 10",June 13-19 2027,2026-08-17 23:59,ACM Special Interest Group on Management of Data Conference,https://2027.sigmod.org,ACM SIGMOD+PODS (SIGMOD) 2027,"Notification - June 02, September 02, December 02, March 02. Data Privacy, Differential Privacy, Industrial Track.","Huntington Beach, CA, USA",Unknown,A*
"January 10, April 10, July 10, October 10",June 13-19 2027,2026-10-17 23:59,ACM Special Interest Group on Management of Data Conference,https://2027.sigmod.org,ACM SIGMOD+PODS (SIGMOD) 2027,"Notification - June 02, September 02, December 02, March 02. Data Privacy, Differential Privacy, Industrial Track.","Huntington Beach, CA, USA",Unknown,A*
"August 18, January 19",August 11-13 2027,2026-08-25 23:59,Usenix Security Symposium,https://www.usenix.org/conference/usenixsecurity27,USENIX Security 2027,"Early Reject - October 07, March 17. Notification - December 04, May 14. No major revision, but two week shepherding.","Denver, CO, USA",Unknown,A*
"August 18, January 19",August 11-13 2027,2027-01-26 23:59,Usenix Security Symposium,https://www.usenix.org/conference/usenixsecurity27,USENIX Security 2027,"Early Reject - October 07, March 17. Notification - December 04, May 14. No major revision, but two week shepherding.","Denver, CO, USA",Unknown,A*
September 30,June 29 - July 03 2026,2025-10-07 23:59,The Web Conference (WWW),https://www2026.thewebconf.org,The Web Conference 2026,Notification - January 13. Has industry track.,"Dubai, UAE",Unknown,A*
None,August 31 - September 04 2026,2025-04-01 16:59,International Conference on Very Large Data Bases,https://vldb.org/2026/,VLDB 2026,Rolling deadline every month. Notification on 15th of next month. Multiple tracks.,"Boston, MA, USA",PT,A*
None,August 31 - September 04 2026,2025-05-01 16:59,International Conference on Very Large Data Bases,https://vldb.org/2026/,VLDB 2026,Rolling deadline every month. Notification on 15th of next month. Multiple tracks.,"Boston, MA, USA",PT,A*
None,August 31 - September 04 2026,2025-06-01 16:59,International Conference on Very Large Data Bases,https://vldb.org/2026/,VLDB 2026,Rolling deadline every month. Notification on 15th of next month. Multiple tracks.,"Boston, MA, USA",PT,A*
None,August 31 - September 04 2026,2025-07-01 16:59,International Conference on Very Large Data Bases,https://vldb.org/2026/,VLDB 2026,Rolling deadline every month. Notification on 15th of next month. Multiple tracks.,"Boston, MA, USA",PT,A*
None,August 31 - September 04 2026,2025-08-01 16:59,International Conference on Very Large Data Bases,https://vldb.org/2026/,VLDB 2026,Rolling deadline every month. Notification on 15th of next month. Multiple tracks.,"Boston, MA, USA",PT,A*
None,August 31 - September 04 2026,2025-09-01 16:59,International Conference on Very Large Data Bases,https://vldb.org/2026/,VLDB 2026,Rolling deadline every month. Notification on 15th of next month. Multiple tracks.,"Boston, MA, USA",PT,A*
None,August 31 - September 04 2026,2025-10-01 16:59,International Conference on Very Large Data Bases,https://vldb.org/2026/,VLDB 2026,Rolling deadline every month. Notification on 15th of next month. Multiple tracks.,"Boston, MA, USA",PT,A*
None,August 31 - September 04 2026,2025-11-01 16:59,International Conference on Very Large Data Bases,https://vldb.org/2026/,VLDB 2026,Rolling deadline every month. Notification on 15th of next month. Multiple tracks.,"Boston, MA, USA",PT,A*
None,August 31 - September 04 2026,2025-12-01 16:59,International Conference on Very Large Data Bases,https://vldb.org/2026/,VLDB 2026,Rolling deadline every month. Notification on 15th of next month. Multiple tracks.,"Boston, MA, USA",PT,A*
None,August 31 - September 04 2026,2026-01-01 16:59,International Conference on Very Large Data Bases,https://vldb.org/2026/,VLDB 2026,Rolling deadline every month. Notification on 15th of next month. Multiple tracks.,"Boston, MA, USA",PT,A*
None,August 31 - September 04 2026,2026-02-01 16:59,International Conference on Very Large Data Bases,https://vldb.org/2026/,VLDB 2026,Rolling deadline every month. Notification on 15th of next month. Multiple tracks.,"Boston, MA, USA",PT,A*
None,August 31 - September 04 2026,2026-03-01 16:59,International Conference on Very Large Data Bases,https://vldb.org/2026/,VLDB 2026,Rolling deadline every month. Notification on 15th of next month. Multiple tracks.,"Boston, MA, USA",PT,A*
None,August 31 - September 04 2026,2026-03-02 23:59,International Conference on Very Large Data Bases,https://vldb.org/2026/call-for-industrial-track.html,VLDB (Industrial Track) 2026,One author should have industry affiliation. Notification - April 27.,"Boston, MA, USA",Unknown,A*
None,July 12-16 2027,2026-08-21 23:59,ACM Asia Conference on Computer and Communications Security,https://asiaccs2027.cityu.edu.mo/home/index.html,ACM ASIACCS 2027,"Early Reject - Septemeber 25, February 05. Notification - November 13, March 31.","Macau, China",Unknown,A
None,July 12-16 2027,2026-12-11 23:59,ACM Asia Conference on Computer and Communications Security,https://asiaccs2027.cityu.edu.mo/home/index.html,ACM ASIACCS 2027,"Early Reject - Septemeber 25, February 05. Notification - November 13, March 31.","Macau, China",Unknown,A
None,December 07-11 2026,2026-05-26 23:59,Annual Computer Security Applications Conference,https://www.acsac.org/2026,ACSAC 2026,Early Reject - July 13. Notification - September 08.,"Los Angeles, California",Unknown,A
None,December 07-11 2026,2026-05-22 11:59,International Conference on the Theory and Application of Cryptology and Information Security,https://asiacrypt.iacr.org/2026/,ASIACRYPT 2026,Early Reject - July 17. Notification - August 14.,Hong Kong,Unknown,A
None,October 11-15 2026,2025-07-15 23:59,Cryptographic Hardware and Embedded Systems,https://ches.iacr.org/2026/,CHES 2026,Notification in two months. Long paper requires pre-approval.,Turkey,Unknown,A
None,October 11-15 2026,2025-10-15 23:59,Cryptographic Hardware and Embedded Systems,https://ches.iacr.org/2026/,CHES 2026,Notification in two months. Long paper requires pre-approval.,Turkey,Unknown,A
None,October 11-15 2026,2026-01-15 23:59,Cryptographic Hardware and Embedded Systems,https://ches.iacr.org/2026/,CHES 2026,Notification in two months. Long paper requires pre-approval.,Turkey,Unknown,A
None,October 11-15 2026,2026-04-15 23:59,Cryptographic Hardware and Embedded Systems,https://ches.iacr.org/2026/,CHES 2026,Notification in two months. Long paper requires pre-approval.,Turkey,Unknown,A
May 27,November 09-13 2026,2026-06-01 23:59,International Symposium on Distributed Computing,https://www.disc-conference.org/wp/disc2026/,DISC 2026,Includes Brief Announcements. Notification - August 05.,"Rome, Italy",Unknown,A
None,September 14-18 2026,2026-01-09 23:59,European Symposium on Research in Computer Security,https://sites.google.com/di.uniroma1.it/esorics2026/,ESORICS 2026,"Notification - March 24, June 12.","Rome, Italy",Unknown,A
None,September 14-18 2026,2026-04-21 23:59,European Symposium on Research in Computer Security,https://sites.google.com/di.uniroma1.it/esorics2026/,ESORICS 2026,"Notification - March 24, June 12.","Rome, Italy",Unknown,A
"May 08, September 18",April 13-16 2026,2025-05-15 23:59,The European Conference on Computer Systems,https://2026.eurosys.org,EuroSys 2026,"Notification - August 22, January 30",Edinburgh,Unknown,A
"May 08, September 18",April 13-16 2026,2025-09-25 23:59,The European Conference on Computer Systems,https://2026.eurosys.org,EuroSys 2026,"Notification - August 22, January 30",Edinburgh,Unknown,A
None,March 02-06 2026,2025-09-16 23:59,Financial Cryptography and Data Security,https://fc26.ifca.ai,FC 2026,Notification - November 24.,St. Kitts,Unknown,A
None,July 26-29 2026,2025-07-24 23:59,IEEE Computer Security Foundations Symposium,https://www.ieee-security.org/TC/CSF2026/,IEEE CSF 2026,"co-located with FLoC 2026. Notification - September 25, December 11, April 01.",Lisbon Portugal,Unknown,A
None,July 26-29 2026,2025-10-09 23:59,IEEE Computer Security Foundations Symposium,https://www.ieee-security.org/TC/CSF2026/,IEEE CSF 2026,"co-located with FLoC 2026. Notification - September 25, December 11, April 01.",Lisbon Portugal,Unknown,A
None,July 26-29 2026,2026-01-29 23:59,IEEE Computer Security Foundations Symposium,https://www.ieee-security.org/TC/CSF2026/,IEEE CSF 2026,"co-located with FLoC 2026. Notification - September 25, December 11, April 01.",Lisbon Portugal,Unknown,A
November 13,July 06-10 2026,2025-11-20 23:59,IEEE European Symposium on Security and Privacy,https://www.ieee-security.org/TC/EuroSP2026/,IEEE Euro S&P 2026,Notification - March 05.,"Lisbon, Portugal",Unknown,A
January 07,July 22-25 2026,2026-01-14 23:59,IEEE International Conference on Distributed Computing Systems,https://icdcs2026.icdcs.org,IEEE ICDCS 2026,Notification - April 02.,South Korea,Unknown,A
September 04,January 27-30 2026,2025-09-06 11:59,Innovations in Theoretical Computer Science,http://itcs-conf.org/,ITCS 2026,Notification - November 10.,Bocconi University,Unknown,A
None,July 15-20 2027,2026-05-31 23:59,Privacy Enhancing Technologies Symposium,https://petsymposium.org/cfp27.php,PETS 2027,"Notifications - 1st of August, November, February, May.","Calgary, Canada",Unknown,A
None,July 15-20 2027,2026-08-31 23:59,Privacy Enhancing Technologies Symposium,https://petsymposium.org/cfp27.php,PETS 2027,"Notifications - 1st of August, November, February, May.","Calgary, Canada",Unknown,A
None,July 15-20 2027,2026-11-30 23:59,Privacy Enhancing Technologies Symposium,https://petsymposium.org/cfp27.php,PETS 2027,"Notifications - 1st of August, November, February, May.","Calgary, Canada",Unknown,A
None,July 15-20 2027,2027-02-28 23:59,Privacy Enhancing Technologies Symposium,https://petsymposium.org/cfp27.php,PETS 2027,"Notifications - 1st of August, November, February, May.","Calgary, Canada",Unknown,A
February 12,August 23-26 2026,2026-02-19 23:59,Symposium on Usable Privacy and Security,https://soups.page,SOUPS 2026,Notification - May 19.,"Hannover, Germany",Unknown,A
None,July 06-09 2026,2025-11-27 23:59,Australasian Conference on Information Security and Privacy,https://acisp.org,ACISP 2026,"Notification - January 15, April 16.","Perth, Australia",Unknown,B
None,July 06-09 2026,2026-02-26 23:59,Australasian Conference on Information Security and Privacy,https://acisp.org,ACISP 2026,"Notification - January 15, April 16.","Perth, Australia",Unknown,B
None,June 30 - July 03 2026,2025-11-18 23:59,Security and Privacy in Wireless and Mobile Networks,https://wisec26.events.cispa.de,ACM WiSec 2026,"Notification - January 13, April 14.","Saarbrücken, Germany",Unknown,B
None,June 30 - July 03 2026,2026-03-03 23:59,Security and Privacy in Wireless and Mobile Networks,https://wisec26.events.cispa.de,ACM WiSec 2026,"Notification - January 13, April 14.","Saarbrücken, Germany",Unknown,B
None,June 28 - July 01 2027,2026-09-26 23:59,International Conference on Applied Cryptography and Network Security,https://acns2027.isg.rhul.ac.uk,ACNS 2027,"Notification - November 20, March 19.","Royal Holloway, University of London, UK",Unknown,B
None,June 28 - July 01 2027,2027-01-23 23:59,International Conference on Applied Cryptography and Network Security,https://acns2027.isg.rhul.ac.uk,ACNS 2027,"Notification - November 20, March 19.","Royal Holloway, University of London, UK",Unknown,B
March 02,August 24-27 2026,2026-03-09 23:59,"International Conference on Availability, Reliability and Security",https://www.ares-conference.eu,ARES 2026,Short paper and SoKs. Notification - May 13.,"Linköping, Sweden",Unknown,B
None,November 23-25 2026,2026-06-10 23:59,International Conference on Cryptology and Network Security,https://uow-ic2.github.io/cans2026/index.html,CANS 2026,Notification - August 10.,"Wollongong, Australia",Unknown,B
None,March 23-26 2026,2025-10-24 23:59,RSA Conference Cryptographers’ Track,https://conference.wsu.edu/ct-rsa-2026/,CT-RSAC 2026,Notification - December 03.,"San Francisco, CA, USA",Unknown,B
None,June 28 - July 03 2026,2026-01-16 23:59,IEEE International Symposium on Information Theory,https://2026.ieee-isit.org,IEEE ISIT 2026,Notification - April 01.,"Guangzhou, China",Unknown,B
None,September 29-October 03 2025,2025-04-18 23:59,IEEE Information Theory Workshop,http://www.ieee-itw2025.org,IEEE ITW 2025,Notification - June 27.,"Sydney, Australia",Unknown,B
None,May 25-28 2026,2025-10-24 23:59,International Conference on Practice and Theory of Public Key Cryptography,https://pkc.iacr.org/2026/,PKC 2026,Early Reject - December 16. Notification - February 13.,"West Palm Beach, USA",Unknown,B
None,August 26-28 2026,2026-02-02 23:59,Conference on Selected Areas in Cryptography,https://sacworkshop.org/SAC26/,SAC 2026,"Notification - March 19, June 25","Ottawa, Ontario",Unknown,B
None,August 26-28 2026,2026-05-11 23:59,Conference on Selected Areas in Cryptography,https://sacworkshop.org/SAC26/,SAC 2026,"Notification - March 19, June 25","Ottawa, Ontario",Unknown,B
None,November 10-13 2026,2025-05-19 23:59,Theory of Cryptography Conference,https://tcc.iacr.org/2026/,TCC 2026,Notification - August 28.,"New York City, USA",Unknown,B
None,July 16-18 2026,2026-03-23 23:59,International Conference on Information Security and Cryptography,https://secrypt.scitevents.org,SECRYPT 2026,"Notification - April 30, May 22. Position Papers in April deadline.","Porto, Portugal",Unknown,C
None,July 16-18 2026,2026-04-16 23:59,International Conference on Information Security and Cryptography,https://secrypt.scitevents.org,SECRYPT 2026,"Notification - April 30, May 22. Position Papers in April deadline.","Porto, Portugal",Unknown,C
None,January 06-09 2026,2025-07-25 23:59,International Conference on Distributed Computing and Networking,https://sites.google.com/view/icdcn2026/,ICDCN 2026,Notification - September 27.,"Nara, Japan",Unknown,Not Ranked
None,December 16-20 2025,2025-07-25 23:59,International Conference on Information Systems Security,https://iciss.isrdc.in,ICISS 2025,Notification - September 30. August deadline for Industry/Demo.,"Indore, India",Unknown,Not Ranked
None,December 16-20 2025,2025-08-10 23:59,International Conference on Information Systems Security,https://iciss.isrdc.in,ICISS 2025,Notification - September 30. August deadline for Industry/Demo.,"Indore, India",Unknown,Not Ranked
None,December 13-16 2026,2026-08-15 23:59,International Conference on Cryptology in India,https://www.indocrypt2025.in,INDOCRYPT 2026,Notification - October 10.,"Bengaluru, India",Unknown,Not Ranked
None,September 14-16 2026,2026-02-28 23:59,Conference on Security and Cryptography for Networks,https://scn.unisa.it/scn26/,SCN 2026,Notification - April 28. Occurs once in two years.,"Amalfy, Italy",Unknown,Not Ranked
"Feb 06, July 07.",November 18-20 2026,2026-02-13 23:59,ACM Symposium on Cloud Computing,https://acmsocc.org/2026/papers.html,ACM SoCC 2026,"Notification - April 29, September 26.",Singapore,Unknown,Not Ranked
"Feb 06, July 07.",November 18-20 2026,2026-07-14 23:59,ACM Symposium on Cloud Computing,https://acmsocc.org/2026/papers.html,ACM SoCC 2026,"Notification - April 29, September 26.",Singapore,Unknown,Not Ranked
None,July 08-10 2026,2026-03-01 23:59,International Conference on Cryptology,https://www.africacrypt2026.tn,AfricaCrypt 2026,Notification - April 20.,"Hammamet, Tunisia",Unknown,Not Ranked
None,July 06 - 11 2025,2024-09-13 23:59,European Cryptology Conference,https://simula-uib.com/arcticcrypt2025/,ArcticCrypt 2025,Notification - October 23.,Longyearbyen,Unknown,Not Ranked
None,October 27-30 2026,2026-06-01 23:59,International Conference on Federated Learning Technologies and Applications,https://flta-conference.org/flta-2026/,FLTA 2026,Notification - July 29.,"Paris, France",Unknown,Not Ranked
None,August 15-16 2026,2026-03-16 23:59,Information-Theoretic Cryptography,https://itcrypto.github.io/2026/index.html,ITC 2026,Notification - May 08.,"Santa Barbara, CA, USA",Unknown,Not Ranked
None,September 08-11 2025,2025-05-05 23:59,IEEE Conference on Communications and Network Security,https://cns2025.ieee-cns.org,IEEE CNS 2025,Notification - July 07.,"Avignon, France",Unknown,Not Ranked
None,October 01-03 2025,2025-05-16 23:59,International Conference On Cryptology And Information Security In Latin America,https://ciencias.medellin.unal.edu.co/eventos/latincrypt/,LATINCRYPT 2025,Notification - July 18.,"Medellín, Colombia",Unknown,Not Ranked
None,October 17 2025,2025-07-08 23:59,The ACM Cloud Computing Security Workshop,https://ccsw.io,ACM CCSW 2025,Notification - August 12. Has proceedings.,"Taipei, Taiwan",Unknown,Not Ranked
None,October 17 2025,2025-07-03 23:59,Workshop on Artificial Intelligence and Security,https://aisec.cc,AISec 2025,Notification - August 10. Has proceedings.,"Taipei, Taiwan",Unknown,Not Ranked
None,June 02 2026,2026-01-20 23:59,ACM ASIA Public-Key Cryptography Workshop,https://iseclab.ec.t.kanazawa-u.ac.jp/en/APKC2026.html,APKC 2026,Notification - March 30. Has proceedings.,"Bangalore, India",Unknown,Not Ranked
None,October 17 2025,2025-06-30 23:59,Workshop on CPS&IoT Security and Privacy,https://cpsiotsec2025.github.io,CPSIoTSec 2025,Notification - August 08. Has proceedings.,"Taipei, Taiwan",Unknown,Not Ranked
None,June 02 2026,2026-01-31 23:59,ACM Cyber-Physical System Security Workshop,https://cpss26.github.io,CPSS 2026,Notification - March 15. Has proceedings.,"Bangalore, India",Unknown,Not Ranked
None,March 08 2026,2025-11-01 23:59,Annual FHE.org Conference on Fully Homomorphic Encryption,https://fhe.org/conferences/conference-2026,FHE Conference 2026,Notification - December 19.,"Taipei, Taiwan",Unknown,Not Ranked
None,June 02 2026,2026-02-22 23:59,Secure and Efficient Federated Learning,https://federated-learning.org/fl-asiaccs-2026/,FL-AsiaCCS 2026,Notification - March 22. Has proceedings.,"Bangalore, India",Unknown,Not Ranked
None,October 13 2025,2025-07-11 23:59,Workshop on Large AI Systems and Models with Privacy and Security Analysis,https://lamps-ccs.github.io/home/,LAMPS 2025,Notification - August 15. Has proceedings.,"Taipei, Taiwan",Unknown,Not Ranked
None,June 02 2026,2026-03-20 23:59,Privacy in Large Language Models (LLM) and Natural Language Processing (NLP),https://sites.google.com/view/lm-shield2026/,LM-SHIELD 2026,Notification - March 16. Has proceedings.,"Bangalore, India",Unknown,Not Ranked
None,October 27 2026,2026-08-02 23:59,Workshop on Federated Learning for Industry,https://fedlearn-hub.github.io,FL4Industry 2026,Notification - September 05.,"Paris, France",Unknown,Not Ranked
None,January 26 2026,2025-10-24 23:59,AAAI Workshop on Federated Learning For Critical Applications,https://sites.google.com/view/flca,FLCA 2026,Notification - November 07.,Singapore,Unknown,Not Ranked
None,May 18 2026,2026-03-02 23:59,MPC Security in Practice,https://mpcinthewild.github.io,MPC Security in Practice 2026,Notification - March 31. Internship application deadline - Jan 07.,"Aarhus, Denmark",Unknown,Not Ranked
None,August 17 2025,2025-06-15 23:59,Privacy-Preserving Machine Learning Workshop,https://crypto-ppml.github.io/2025/,PPML CRYPTO 2025,Notification - June 22,"Santa Barbara, USA",Unknown,Not Ranked
None,April 05-07 2027,2026-11-16 23:59,Real World Crypto,https://rwc.iacr.org/2027/,RWC 2027,Notification - January 10.,Seattle,Unknown,Not Ranked
None,April 05-07 2028,2027-11-16 23:59,Real World Crypto,https://rwc.iacr.org/2028/,RWC 2028,Notification - January 10.,"Bochum, Germany",Unknown,Not Ranked
None,March 07 2026,2026-01-31 23:59,Real World MPC,https://www.mpcalliance.org/rwmpc-2026,RWMPC 2026,Notification - February 13.,"Taipei, Taiwan",Unknown,Not Ranked
None,September 25-26 2025,2025-07-07 23:59,Workshop on Security and Artificial Intelligence,https://sites.google.com/view/secai2025/home,SECAI 2025,Notification - August 07. Has proceedings.,"Toulouse, France",Unknown,Not Ranked
None,May 31 2026,2026-03-12 23:59,Workshop on Secure and Private Data Management,https://sequredb.github.io,SeQureDB 2026,"Notification - March 31. Differential privacy, private data analytics.","Bengaluru, India",Unknown,Not Ranked
None,October 13 2025,2025-06-27 23:59,Workshop on Encrypted Computing & Applied Homomorphic Cryptography,https://homomorphicencryption.org/wahc-2025/,WAHC 2025,Notification - August 08. Has proceedings.,"Taipei, Taiwan",Unknown,Not Ranked
None,October 13 2025,2025-07-07 23:59,Workshop on Privacy in the Electronic Society,http://jianying.space/WPES2025/,WPES 2025,Notification - August 16. Has proceedings.,"Taipei, Taiwan",Unknown,Not Ranked
None,June 01-06 2026,2026-02-07 23:59,ACM Asia Conference on Computer and Communications Security,https://asiaccs2026.cse.iitkgp.ac.in/,ACM ASIACCS 2026,Notification - March 07. Has proceedings.,"Bangalore, India",Unknown,Not Ranked
None,October 13-17 2025,2025-07-11 23:59,ACM Conference on Computer and Communications Security,https://www.sigsac.org/ccs/CCS2025/call-for-posters-and-demos/,ACM CCS 2025,Notifications - August 04. Has proceedings.,"Taipei, Taiwan",Unknown,Not Ranked
None,December 07-11 2026,2026-09-13 23:59,Annual Computer Security Applications Conference,https://www.acsac.org/2026/submissions/posters/,ACSAC 2026,Rolling notification.,"Los Angeles, California",Unknown,Not Ranked
None,September 14-18 2025,2025-07-07 23:59,Cryptographic Hardware and Embedded Systems,https://ches.iacr.org/2025/callforposters.php,CHES 2025,Notification - August 11.,"Kuala Lumpur, Malaysia",Unknown,Not Ranked
None,June 30 - July 04 2025,2025-04-30 23:59,IEEE European Symposium on Security and Privacy,https://www.ieee-security.org/TC/EuroSP2025/cfposters.html,IEEE Euro S&P 2025,Notification - May 21. No proceedings.,Venice,Unknown,Not Ranked
None,May 18-21 2026,2026-03-20 23:59,IEEE Symposium on Security and Privacy,https://sp2026.ieee-security.org/cfposters.html,IEEE S&P 2026,Notification - March 30. No proceedings.,"San Francisco, California, USA",Unknown,Not Ranked
None,February 23-27 2026,2026-01-20 23:59,Network and Distributed System Security Symposium,https://www.ndss-symposium.org/ndss2026/submissions/call-for-posters/,NDSS 2026,Notification - February 03.,"San Diego, CA, USA",Unknown,Not Ranked
None,July 14-19 2025,2025-06-01 23:59,Privacy Enhancing Technologies Symposium,https://petsymposium.org/2025/cfposters.php,PoPETS 2025,Submit before May 13 if you need a Visa to attend PETS.,"Washington, DC (Hybrid)",Unknown,Not Ranked
None,October 19-26 2026,2026-06-15 23:59,Federated Machine Learning International Summer School at FLTA,https://school.flta-conference.org,Federated Machine Learning International Summer School 2026,"Interactive lectures, hands-on labs, and real-world applications of Federated Learning.","Paris, France",Unknown,Not Ranked
None,February 02-05 2026,2026-01-19 23:59,Winter School on Cryptography and Machine Learning,https://ai4i.it/ias-winter-school-2026/,IAS Winter School 2026,Free registration with financial support.,"Turin, Italy",Unknown,Not Ranked
None,June 23-25 2026,2026-06-15 23:59,The Real World AI Security conference,https://seclab.stanford.edu/RealWorldAIsec/,Real World AI Security 2026,Covers the most impactful AI security results of the year.,Stanford University,Unknown,Not Ranked
None,June 01-02 2026,2026-02-18 23:59,Theory and Practice of Differential Privacy,https://tpdp.journalprivacyconfidentiality.org/2026/,TPDP 2026,Notification - April 02.,"Boston, USA",Unknown,Not Ranked
None,May 18-21 2026,2026-03-02 23:59,Theory and Practice of Multi-Party Computation Workshop,https://www.multipartycomputation.com/tpmpc-2026,TPMPC 2026,Notification - March 31.,"Aarhus, Denmark",Unknown,Not Ranked
July 25,January 20-27 2027,2026-08-01 23:59,Conference on Artificial Intelligence,https://aaai.org/conference/aaai/aaai-27/,AAAI 2027,Notification - November 03. Early Reject - September 08.,"Montreal, Canada",Unknown,A*
None,December 01-04 2026,2026-05-30 23:59,Asian Conference on Machine Learning,https://www.acml-conf.org/2026/,ACML 2026,Journal (May) and Conference (June) tracks. Notification - September 01. One author as mandatory reviewer.,"Melbourne, Australia",Unknown,C
None,December 01-04 2026,2026-06-26 23:59,Asian Conference on Machine Learning,https://www.acml-conf.org/2026/,ACML 2026,Journal (May) and Conference (June) tracks. Notification - September 01. One author as mandatory reviewer.,"Melbourne, Australia",Unknown,C
March 05,September 07-11 2026,2026-03-12 23:59,European Conference on Machine Learning and Principles and Practice of Knowledge Discovery in Databases,https://ecmlpkdd.org/2026/,ECMLPKDD 2026,Notification - May 27. Applied Data Science and Industrial Tracks.,"Naples, Italy",Unknown,A
None,September 07-11 2026,2026-04-26 23:59,European Conference on Machine Learning and Principles and Practice of Knowledge Discovery in Databases,https://ecmlpkdd.org/2026/,ECMLPKDD (Industrial) 2026,Notification - May 27.,"Naples, Italy",Unknown,A
September 19,April 24-28 2026,2025-09-24 23:59,International Conference on Learning Representations,https://iclr.cc/Conferences/2026,ICLR 2026,Notification - January 22.,Brazil,Unknown,A*
January 23,July 07-12 2026,2026-01-28 23:59,International Conference on Machine Learning,https://icml.cc/Conferences/2026,ICML 2026,Special track on Position papers.,"COEX Convention & Exhibition Center, Seoul Korea",Unknown,A*
January 12,August 15-21 2026,2026-01-19 23:59,International Joint Conference on Artificial Intelligence,https://2026.ijcai.org,IJCAI-ECAI 2026,Notification - April 29. Early Reject - March 04.,"Bremen, Germany",Unknown,A*
None,March 23-25 2026,2025-09-24 23:59,IEEE Conference on Secure and Trustworthy Machine Learning,http://satml.org,IEEE SaTML 2026,Notification - December 10.,"Munich, Germany",Unknown,Not Ranked
"July 24, February 03",August 09-13 2026,2025-07-24 23:59,SIGKDD Conference on Knowledge Discovery and Data Mining,https://kdd2026.kdd.org,KDD 2026,"Notification - November 23, May 16.","Jeju, Korea",Unknown,A*
"July 24, February 03",August 09-13 2026,2026-01-28 23:59,SIGKDD Conference on Knowledge Discovery and Data Mining,https://kdd2026.kdd.org,KDD 2026,"Notification - November 23, May 16.","Jeju, Korea",Unknown,A*
May 04,December 06-12 2026,2026-05-06 07:59,Conference on Neural Information Processing Systems,https://neurips.cc/Conferences/2026,NeurIPS 2026,Notification - September 24. Evaluation and Datasets Track.,"Sydney, Australia",Unknown,A*
None,May 17-22 2026,2025-10-30 23:59,Conference on Machine Learning and Systems,https://mlsys.org/Conferences/2026,MLSys 2026,Notification - January 26. Industry Track (New),"Bellevue, WA",Unknown,Not Ranked
None,June 09-12 2026,2025-11-15 23:59,Pacific-Asia Conference on Knowledge Discovery and Data Mining,https://pakdd2026.org,PAKDD 2026,Notification - February 08.,"Hong Kong SAR, China",Unknown,B
None,December 19-21 2025,2025-07-28 14:59,Asian Hardware Oriented Security and Trust Symposium,http://asianhost.org/2025/,AsianHOST 2025,Notification - September 11.,"Nanjing, China",Unknown,Not Ranked
November 11,July 26-29 2026,2025-11-18 23:59,Design Automation Conference,https://dac.com/2026/,DAC 2026,Notification - March 09.,"Long Beach, CA",Unknown,A*
"August 19, December 01",May 04-07 2026,2025-08-26 23:59,IEEE International Symposium on Hardware Oriented Security and Trust,http://www.hostsymposium.org/index.php,IEEE HOST 2026,"Notification - October 07, January 31.","Washington DC, USA",Unknown,Not Ranked
"August 19, December 01",May 04-07 2026,2025-12-08 23:59,IEEE International Symposium on Hardware Oriented Security and Trust,http://www.hostsymposium.org/index.php,IEEE HOST 2026,"Notification - October 07, January 31.","Washington DC, USA",Unknown,Not Ranked
"November 10, December 05",June 26-30 2027,2026-11-17 23:59,International Symposium on Computer Architecture,https://iscaconf.org/isca2027,ISCA 2027,Notification - March 27. December deadline for Industrial Track.,"Raleigh, NC",Unknown,A*
"November 10, December 05",June 26-30 2027,2026-12-12 23:59,International Symposium on Computer Architecture,https://iscaconf.org/isca2027,ISCA 2027,Notification - March 27. December deadline for Industrial Track.,"Raleigh, NC",Unknown,A*
None,June 24 2026,2026-02-27 23:59,CNIL-Inria Privacy Award,https://www.cnil.fr/en/launch-10th-edition-cnil-inria-privacy-award,CNIL-Inria Privacy Award 2026,For works published between January 2023 to 2026. Notification - June 01.,"Paris, France",Unknown,Not Ranked
None,June 24 2026,2026-03-22 23:59,CNIL-Inria Privacy Day,https://www.cnil.fr/en/call-papers-privacy-research-day-june-24th-2026-paris,CNIL-Inria Privacy Research Day 2026,"Recently published, multi-disciplinary. Notification - May 04.","Paris, France",Unknown,Not Ranked
None,December 08-12 2025,2025-09-17 23:59,ACSAC,https://www.acsac.org/2025/submissions/artifacts_competition/,Cybersecurity Artifacts Competition and Impact Award 2025,Cybersecurity artifacts published in all peer-reviewed venues. Notification - October 30.,"Honululu, Hawaii",Unknown,Not Ranked
None,August 12-14 2026,2026-03-31 23:59,Usenix Security Enigma Track,https://www.usenix.org/conference/usenixsecurity26/enigma-cfp,Enigma@USENIX Security 2026,Notification - May 13.,"Baltimore, MD, USA",Unknown,Not Ranked
None,May 18-21 2026,2026-02-24 23:59,IEEE,https://sp2026.ieee-security.org/nominations-cybersecurity-award.html,IEEE Cybersecurity Award for Practice 2026,None,"San Francisco, CA",Unknown,Not Ranked
None,May 12-15 2025,2025-05-12 16:59,IEEE Symposium on Security and Privacy,https://sp2025.ieee-security.org/cftalks.html,IEEE S&P Short Talk 2025,Primary deadline till May 02.,"San Francisco, California, USA",PDT,Not Ranked
None,June 30 2026,2026-01-05 23:59,The Web Conference (WWW),https://www2026.thewebconf.org/calls/phd-symposium.html,PhD Symposium at The Web Conference 2026,Notification - February 03. Has proceedings.,"Dubai, UAE",Unknown,Not Ranked
None,April 16-17 2026,2026-04-09 23:59,15th Privacy Enhancing Techniques Convention,https://fg-pet.gi.de/veranstaltung/15th-privacy-enhancing-techniques-convention,PET-CON 2026.1 2026,Free registration.,Karlsruhe Institute for Technology,Unknown,Not Ranked
None,,%y-12-31 23:59,ACM Transactions on Privacy and Security,https://dl.acm.org/journal/tops/author-guidelines,ACM TOPS 2026,Accepts submission throughout the year.,,Unknown,Not Ranked
None,,2026-02-02 23:59,Communications in Cryptology,https://cic.iacr.org,IACR CiC 2026,Notification in two months.,,Unknown,Not Ranked
None,,2026-04-27 23:59,Communications in Cryptology,https://cic.iacr.org,IACR CiC 2026,Notification in two months.,,Unknown,Not Ranked
None,,2026-07-27 23:59,Communications in Cryptology,https://cic.iacr.org,IACR CiC 2026,Notification in two months.,,Unknown,Not Ranked
None,,2026-10-26 23:59,Communications in Cryptology,https://cic.iacr.org,IACR CiC 2026,Notification in two months.,,Unknown,Not Ranked
None,,%y-12-31 23:59,Journal of Cryptology,https://www.iacr.org/jofc/,IACR JoC 2026,Accepts submission throughout the year.,,Unknown,Not Ranked
None,,%y-12-31 23:59,IEEE Transactions on Computers,https://www.computer.org/digital-library/journals/tc/call-for-papers-general-submissions,IEEE TC 2026,Accepts submission throughout the year.,,Unknown,Not Ranked
None,,%y-12-31 23:59,IEEE Transactions on Dependable and Secure Computing,https://www.computer.org/csdl/journal/tq/write-for-us/15068,IEEE TDSC 2026,Accepts submission throughout the year.,,Unknown,Not Ranked
None,,%y-12-31 23:59,IEEE Transactions on Information Forensics and Security,https://signalprocessingsociety.org/publications-resources/information-authors,IEEE TIFS 2026,Accepts submission throughout the year.,,Unknown,Not Ranked
None,,%y-12-31 23:59,IEEE Transactions on Parallel and Distributed Systems,https://www.computer.org/csdl/journal/td/,IEEE TPDS 2026,Accepts submission throughout the year.,,Unknown,Not Ranked
None,,%y-12-31 23:59,IEEE Transactions on Services Computing,https://www.computer.org/csdl/journal/sc,IEEE ToSC 2026,Accepts submission throughout the year.,,Unknown,Not Ranked
None,,%y-12-31 23:59,Journal of the ACM,https://dl.acm.org/journal/jacm,JACM 2026,Accepts submission throughout the year.,,Unknown,Not Ranked
None,,%y-12-31 23:59,Journal of Computer and System Sciences,https://www.elsevier.com/journals/journal-of-computer-and-system-sciences/0022-0000/guide-for-authors,JCSS 2026,Accepts submission throughout the year.,,Unknown,Not Ranked
None,,%y-12-31 23:59,Journal of Parallel and Distributed Computing,https://www.elsevier.com/journals/journal-of-parallel-and-distributed-computing/0743-7315/guide-for-authors,JPDC 2026,Accepts submission throughout the year.,,Unknown,Not Ranked
